anon_id,label,clase,split,texto
call_0181ce113ebe,synthetic,1,train,"Hola, buenas tardes. Mire, le llamo porque estaba revisando mis movimientos y vi un cargo en mi tarjeta que yo no realicé y quería ver si me pueden ayudar a revisarlo. Claro, mi nombre es Mariana Solis Robledo y mi número de referencia de cliente es 88, 23, 11, 47. No, es 88, 23, 11, 47. Al final es 47. Mire, el cargo es por 1850 pesos. Se hizo el 28 de agosto en una tienda que no conozco y la tarjeta con la que pasó termina en 55, 10. Sí, la tengo conmigo físicamente. No la he perdido. Es de mi tarjeta de débito. Me imagino que es esa de nómina. Sí, es 88, 23, 11, 47. Así es, es correcto."
call_018c9d3823ac,synthetic,1,train,"Buen día Marina. Mira, te llamó porque tengo un pago que vence pronto y la verdad no me va a alcanzar para pagarlo en la fecha que indica. Quisiera saber si puedo pagar unos días después sin que me cobren de más o alguna penalización. El pago es por 4200 pesos y vence el 10 de septiembre. Yo quisiera pagarlo el 20 de septiembre. ¿Me podrías ayudar con eso? Claro, mi nombre completo es Rodrigo Anaya Castellanos y mi número de referencia de cliente es 3306 Guión 9281 ¿Quieres que te dé algún otro dato? Si, cor... No, es 9281 con 1 al final. Es sobre mi crédito verde. Perfecto Marina. Entonces, dime Marina. Podría... Gracias por tu ayuda Marina. Que tengas buen día."
call_01bf49059daf,synthetic,1,train,"Hola, buenas tardes. Oye, fíjate que cambié de celular, o sea, de número de teléfono y pues quería ver si me lo pueden actualizar para que me sigan llegando las alertas y los mensajes del banco porque el otro número ya de plano ni lo tengo. Sí, claro, mi nombre es Lucía Ferrer Montaño y mi número de referencia de clientes es el 7 7 1 2 0 4 5 9. No, no, casi, es 7 7 1 2 0 4 5 9. El penúltimo es un 5 un 6. Ay pues ya tiene como unas semanas yo creo, es que me cambié de compañía porque de plano la otra no agarraba nada de señal en mi casa y pues me dieron chip nuevo con número diferente y ya perdí el anterior. Y mi número nuevo es el 5. 5, 2, 1, 9, 0, 4, 4, 7, 7. Sí, o sea tiene la edad de allá pero yo vivo acá en Monterrey, ya ves que luego te dan el número que quieren. Pero sí ese mero es el nuevo. Ay pues yo creo que para todo, no? O sea para que me lleguen las alertas de lo que sea que pase con mi cuenta, la verdad no sé bien cual tengo de esas pero pues para que me sigan llegando los mensajes de las compras y todo eso, si tú dime que es el 7-712459, no sería todo de mi padre, muchas gracias por la ayuda. Que tengas buen día, bye."
call_01c3806808d6,synthetic,1,train,"Buenas tardes, hablo porque metí una solicitud de crédito personal y quiero saber si ya la aprobaron. Sí, claro, mi nombre es Daniela Ocampo Ríos. El número de referencia es 6641-22075. Sí, la metí el 25 de agosto. El folio es CR-24018. El monto es 35.000 pesos. Por la AP. Es sobre mi cuenta nómina plus. Sí, así es. Sí, correcto."
call_0294f969f98b,synthetic,1,val,"Hola, Marina. Sí, quiero saber cuánto debo y para cuándo tengo que pagar. Javier Peñaldrete. Si 9 0 5 7 guión 3 8 1 2. No, la última parte es 8 1 2. Sólo quiero saber sobre el crédito verde. 0 5 7 guión 3 8 1 2. Ajá."
call_02c249d2f89d,synthetic,1,train,"Hola buenas tardes estoy marcando porque me están cobrando un seguro que no recuerdo haber contratado y quiero cancelarlo. Sí claro Hector Navarro Salcedo, el primer cargo lo vi en junio hace como tres meses, si es 22.84 55.06, ahi me sale sobre la cuenta nómina plus, si 22.84 55-06. No es 22, 84, 55-06. Correcto. Gracias. Que tenga buena tarde."
call_02d28871d7b3,synthetic,1,train,"Hola, ¿qué tal? Oye, mira, lo que pasa es que estaba revisando mis movimientos y vi un cargo en mi tarjeta que yo no hice. Quería ver si lo podemos revisar. Sí, claro. Mariana Solís Robledo. Ay, a ver, déjame buscarlo. Es el 88831147. Oye, es 88231147, con 4 al final no 5. Sí, mira, fue el 28 de agosto. Es por 1850 pesos en una tienda que la verdad no tengo idea de cuál sea. Pues la verdad no sé bien qué plan sea pero la tarjeta termina en 5510, a ver si con eso te sale. Sí, sí, exacto, ese mero. Ya todo de mi parte, muchas gracias por la ayuda. Hasta luego."
call_03680846967f,synthetic,1,train,"Buenas tardes. Mire, le llamo porque cambié de número de teléfono y quiero actualizar mis datos para que me sigan llegando los mensajes del banco. Antes recibía todo en un número que termina en 8, 8, 3, 4, pero ya no tengo acceso a ese teléfono. Ahora mi número es 5, 5, 21, 90, 44, 77. Me puede ayudar con ese cambio por favor? Mi nombre es Lucia cerrer montaño y mi número de referencia es 7 7 1 2 0 4 5 9 se lo repito no disculpe el último dígito es 5 9 es 7 7 1 2 0 4 5 9 se lo digo otra vez más despacio y claro le cuento sí exactamente esa era el que termina en 8 8 3 4 ese es el número al que antes me llegaban todos los avisos del banco, pero ya no tengo acceso desde hace unas semanas porque cambié de compañía y el número se dio de baja. Por eso ya no recibo mensajes ahí y necesito que todo me lo mande en nuevo. Con mucho gusto. Es 7 7 1 2 0 4 5 9 ¿Lo tiene? No. Muchas gracias con eso es todo. Que tenga buena tarde."
call_04d682ac0cef,human,0,train,"buenas noches, me están cobrando un seguro que no recuerdo haber contratado y me gustaría cancelarlo por favor. Claro, mi nombre es Héctor Navarro Salcedo y recuerdo haber notado el cargo hace tres meses en junio. Claro, 22, 84, 55, 06. No, 06. Le aparece simplemente como un seguro y aparece de 189 pesos siempre, inmensoalmente. Sobre mi crédito verde. Sí, es correcto, ¿cuando tendría la devolución? en el caso de que no proceda mi reembolso y me gustaría apelar aún más o escalar este caso con quien podría comunicarme. Si me gustaría irme directamente con la conducés, tú me podrías ayudar a generar la demanda."
call_05d6615469e1,synthetic,1,train,"Hola Marina, muchas gracias y buen día. Mire, le llamo porque tengo un problema con mi estado de cuenta. Hice un pago de $2,600 pesos el día primero de septiembre y me apareció dos veces en mi estado de cuenta, como si lo hubieran cobrado doble. ¿Me puede ayudar, por favor? Sí, claro, mi nombre es Adriana Cortés Lima. Mi número de clientes 4470, guión 8193. ¿Me avisa si necesita que se lo repita, por favor? perdón es 4470 guión 8193. El último número es 3 no 4, le repito el número despacito. Claro mire es 4470 guión 8193. Así está bien. Si mire yo revisé mi estado de cuenta porque siempre anoto mis gastos y vi que el pago de 2.600 pesos que hice el primero de septiembre aparecía dos veces, uno atrás del otro con la misma cantidad y el mismo concepto. Por eso me llamó la atención porque solo hice... no se preocupe Marina, dígame, la escucho. Por supuesto, es 4478193. Así está bien Marina. Muchas gracias Marina. No, con eso está bien. Que tenga buena noche. Hasta luego."
call_0615c3630150,human,0,train,"Hola soy Ernesto Villalobos, mi tarjeta no ha llegado y quería chicar cuando podría llegar. 1 9 8 6 6 3 0. No, 1 1 9 8 6 6 3 0. Sí, pedí la tarjeta el 19 de agosto y no me ha llegado en línea. La plus 11986630. Sí, entonces no tienen una fecha para la entrega de la tarjeta. Por favor."
call_064d8dd77899,synthetic,1,train,"Hola, mire pedí una tarjeta nueva hace dos semanas y todavía no me llega, quería saber qué pasó. Si, mi nombre es Ernesto Villalobos Prieto y mi número de referencia es el 1198, es 6 6 3 0. No es 1198, es 6 6 3 0. Al final es 3 0, no 4 0. La pedí el 19 de agosto, no he recibido ningún mensaje ni llamada de nadie. Por eso hablo. Es la denomina. Si. Es el 1198, 6 6 3 0. y cuando me va a llegar? ¿Cuál es el n..."
call_06b5a78ea12e,synthetic,1,train,"Hola, buenas tardes. Oiga, estoy llamando porque vi un cargo que no reconozco en mi tarjeta. Es por $1,850 pesos el 28 de agosto en una tienda que no conozco. Me puede ayudar a revisarlo. La tarjeta termina en $55,10. Sí, claro. Sí, es Mariana Solis Robledo. Mi número de referencia, mulares, $88,23. Guión, $11,47. Ah, sí, le cuento. El 28 de agosto vi un cargo por mil ochocientos cincuenta pesos en una tienda que no conozco. Yo no hice esa compra ni autorice el pago. Revisé mi app y no tengo ningún otro movimiento raro, pero este sí me preocupa, porque no me suena el nombre del comercio. No he hecho nada más, sólo estoy llamando para reportarlo y que lo revisen. Sí, el cargo es con la tarjeta que termina en cincuenta y cinco, diez. Es de mi cuenta nómina plus. Ajá. Sí. Y once cuarenta y siete. Perfecto. Gracias. Sí, claro. Gracias, hasta luego."
call_0847d7417bb1,synthetic,1,val,"Sí, claro. El pago de $2.600 pesos del 1 de septiembre me aparece dos veces en el estado de cuenta. Quiero saber qué procede. Sí, es $44.70. $81.93. No, no, es $93. No $92. $44.70. $81.93. Sí, el 1 de septiembre pagué $2.600 pesos. Sólo hice un pago, pero en el estado de cuenta me aparece dos veces la misma cantidad el mismo día. Por eso llamé sobre la nómina plus. Si es correcto. No, gracias. Que tenga buena tarde."
call_092aef8d1243,human,0,train,"Hola Marina, soy Luis Montaño, quería cambiar mi número que tengo como referencia. Claro es 7 7 1 2 0 4 5 9. No, 5. Sí, 5. 5. Un crédito verde. 7 7 1 2 0 4 5 9. No te dejo que dar mi número telefónico por aquí."
call_098d8081babe,synthetic,1,train,"Hola, buenas tardes. Oye, es que me tiene una solicitud para un crédito personal y quería ver si ya me la aprobaron o qué onda con eso. Sí, claro. Soy Daniela Ocampo Ríos y mi referencia es el 66412075. Es 6641, o sea, 2075. Termina en 5. 25 de agosto y el monto es por $35,000 pesos. Tengo un folio que me dieron por si te sirve. SR20418. No, es un crédito personal normal de hecho. Ninguno de esos. Ajá, sí, porfa. OK, me avisas. Muchas gracias por la información que tengas. Buen día."
call_099dffdf8486,synthetic,1,train,"Si, claro. Solo quiero saber cuánto debo y para cuándo tengo que pagar en mi tarjeta por favor. Si, mire, mi nombre es Javier Peña Aldrete y el número de referencia permítame tantito. Es 9 0 5 7 guión 3 8 1 2. No, no, la última parte es 3 8 1 2. No es 3, es 2 al final. 9 0 5 7 guión 3 8 1 2. Si? Sobre la tarjeta por favor, la denomina. Si. si claro es 9 0 5 7 guión 3 8 1 2 así despacito"
call_0a9c546208d1,human,0,train,"Quiero saber cuánto debo y cuánto tengo que pagar. Javier Peña al drete número del cliente 9.057.3812. No, 38.13.3812, perdón. No, necesito saber ambos. No, es sobre la nómina plus. 9.057.3812. No, es todo, gracias."
call_0ab7d2a0c0f5,human,0,train,"¿Qué tal? Cambié de número y ando viendo, porque me siguen llegando mensajes del banco para que ya no me lleguen. Luis Herrermontaño, 77-12-04-59. 5-9. Decidí cambiarlo y me estaba llegando, llegando a los 88-34. El anterior, el nuevo termina en 44-77. ¿Qué hayito verde? 7, 7, 1, 2, 0, 4, 5, 9."
call_0cf2f4a71328,synthetic,1,val,"Buenas tardes Marina, muchas gracias. Mire, yo le llamo porque metí una solicitud de crédito personal hace ya un par de semanas y pues quisiera saber si ya está aprobada o si hay algún avance. Soy Daniela Ocampo Ríos. Sí claro, con mucho gusto. Mi número de referencia es 6641-2075. ¿Se lo repito o así está bien? Ajá, estoy atenta. Sí, claro. Mire, la solicitud la metí el 25 de agosto, fue por 35,000 pesos. Me dieron un folio, sí, lo tengo aquí apuntado, SR guión 20418. Y pues la verdad desde ese día estoy esperando a ver si sí me lo aprobaron o qué pasó, porque no me han hablado ni nada. Por eso me animé a marcarles yo. Es sobre mi cuenta nómina plus, sí. Fue desde ahí donde la pedí. Ajá, sí, estoy pendiente. Sí, exactamente. Así está correcto. 6641 guión 2075. Ese es mi número de referencia. No, muchísimas gracias Marina. Le agradezco mucho su atención y que me haya dado el folio, que tenga muy bonita tarde."
call_0e101713ee94,synthetic,1,train,"Buenas tardes Marina. Mire, le llamo porque hace un par de semanas metí una solicitud para un crédito personal y quería saber si ya está aprobada o si todavía sigue en proceso. Si necesita algún dato, tengo a la mano el folio y la fecha. ¿Me indica que le paso? Claro, mi nombre completo es Daniela Ocampo Ríos. Sí, como no. Mi número de referencia de cliente es 6641 guión207t5. Disculpe, creo que hay un pequeño error. Mi número de referencia termina en 7.5, no en 8.5. Es 6641 guión207t5. Sí, claro. La solicitud la hice en línea desde la página del banco. Fue hoy el 25 de agosto, por la tarde. De hecho, tengo el folio también, por si lo necesitan. No, es sobre un crédito personal. No tiene que ver con la cuenta de nómina ni con el crédito verde. Es uno de esos créditos personales que anuncian en la página del banco para clientes. Yo lo pedí por 35,000 pesos. Perfecto, muchas gracias. Sí, le decía. Mi número es 6, 6, 4, 1, guión 2, 0, 7, 5. Así es, correcto."
call_0e1e2f29bfdc,human,0,val,"¿Qué me ayudas? Me necesito que me ayudes porque mi pago a vencer y no tengo. Entonces quería saber si puedo pagar unos guías sin que me paguen más. Si, 33, 06, 92, 81. Vencer el 10 de septiembre pero yo quiero pagar hasta el 20 si es posible. Pense en 10. O sea, pense en 10. 33.0692.81."
call_10aa0d1d33f0,human,0,val,"Mira, hablo porque cambié mi número del teléfono y quiero actualizarlo. Y es Luis Herrera Montaña. Y es 7712-Gión0459. 7712-Gión0459. Cambié de número porque ya no quería hacer ese número y tengo un teléfono 9. Es correcto. Sí, no estoy seguro. 7712-Gión0459."
call_10ceaf16fbbf,synthetic,1,train,"Hola, ¿qué tal? Oye, hablo porque me están cobrando un seguro que la verdad no me acuerdo de haber contratado y pues quiero cancelarlo ya. Así claro, soy Héctor Navarro Salcedo y mi número de referencia es 22.84. 55.06. No, es 06 al final. 22.84. 55.06. Pues mira, me están cobrando 189 pesos al mes. Lo empecé a notar en junio, o sea, hace como tres meses y la verdad yo no me acuerdo de haber contratado nada de eso. Sí, o sea el primer cargo fue en junio, de ahí para acá me lo han estado cobrando cada mes, pues de la cuenta yo creo, la verdad no tengo ningún crédito verde. Sí, es 22.84. 55.06."
call_11d3230256a1,human,0,train,"la tengo un cargo no reconocido. Si Mario Solis Robledo y mi número de referencias 8883 11 47. No, 8883 11 47. Si fue un cargo de 1850 pesos el 28 de agosto en una tienda que no reconozco. 2, 3, 1, 1, 4, 7."
call_120d6007bcc1,synthetic,1,val,"Hola Marina, buen día. Mire, le explico un poquito. Tengo un pago pendiente con ustedes. Vence el 10 de septiembre por 4200 pesos, pero la verdad es que este mes se me complicó y no me va no me va a alcanzar. Quería saber si hay forma de pagar unos días después, más o menos el 20 de septiembre, sin que me cobre en recargos o intereses extra. ¿Eso se puede? Sí, claro, es el 3306 Guion 9281. No, es 3306 Guion 9281. El último es 1, no 0. Sí, claro. Nada más eso, que es la primera vez que me pasa y que sí quiero pagar, solo que necesito esos días, porque este mes estuvo complicado. Si necesitan contactarme, el número desde el que llamo es 87 14 83 00 01 sobre mi crédito verde. Ajá. Sí, como no. Es 3 3 0 6 guión 9 2 8 1. Permítame, le repito. Correcto, así es. 9 2 8 1. Sí."
call_1612f093f8b5,human,0,train,"¿Cuándo me agrada el colegio? Hola, buenas tardes. Me llamo Javier Apenia Aldrete. Quiero saber cuánto debo y cuánto debo pagar. Si es el 9, 0, 5, 7, 3, 8, 1, 2. ¿Me lo podrías repetir? No, termine en 1, 2. Quiero saber el saldo y mi fecha al límite. para pagar un reciente y recientemente hice un pago el 12 de agosto por 1500 pesos. ¿Crédito verdad? Sí."
call_16581bcbc272,human,0,train,Buenas tardes Marina soy Adriana tu servidora Adriana Cortés Lima hablo que me haga un favor de reembolsarme porque me cobraron dos veces en mi tarqueta claro que sí es el 44 70 81 93 al final es 93 no fue el mismo día el primero de septiembre sobre mi nómina 7 0 8 1 9 3. Así es. Es correcto.
call_1761edbd6952,human,0,train,"Hola, buenas tardes. Habla Roquío Anaya Castellano. Tengo un pago que va a vender pronto y la verdad no tengo para pagar. Entonces, quería ver el 9 de septiembre, pero quiero ver que puedo pagar el 20. Si es el 33 06 92 81. No, 81. Este tuvo unos problemas durante el mes para pagar, bueno, para solventar otros gastos y no tendría yo el dinero para pagar, pero este día es septiembre, pero podría liberar el día 20. Está bien. Este sobre mi crédito verde. ¿Habría problemas que pagó el día 20 de septiembre en lugar de 10? Correcto. Es correcto. Muchas gracias."
call_181a5049ecae,synthetic,1,val,"Buenas tardes. Disculpe, mire, es que cambié mi número de teléfono y quiero actualizarlo para que me sigan llegando los mensajes del banco. Sí, mi nombre es Lucía Ferrer Montaño. Sí, mire, es el 77, 12, 04, 59. Sí, de nada. Sí. Pues mire, cambié mi número de teléfono y ya no tengo acceso al anterior. No se propone. No, mire, mi número anterior terminaba en 8823 y es para los mensajes de mi cuenta. Sí. Sí, claro, es el 77120459. No, muchas gracias, sería todo. Hasta luego."
call_185e958a253b,human,0,val,"de la gente. Buen día. Hola, buen día. Soy Adriana Cortés Lima. Es que hice un pago y me aparece dos veces en mi estado de cuenta. Cuatro, cuatro, siete, cero, ocho, uno, nueve, tres. No. Sí, así está bien. Mira, pues me aparece duplicado y fue un pago de de septiembre, no sé si me puedes ayudar con eso. Mi crédito verde, 4708193. No, sería todo, gracias."
call_186e9d6ee732,synthetic,1,train,Que onda oye hace dos semanas pedí una tarjeta nueva y no ha llegado Quería saber si sabes que pasó con eso Si mi nombre es Ernesto Villalobos Priero El número de referencia es 1198 6630 No es 11986630 Así todo seguido Si mira la La pedí por el teléfono No pasa nada Si dime Claro Es 11986630 Si correcto
call_189410107163,synthetic,1,train,"Hola Marina, ¿qué tal? Oye, rapidísimo metí una solicitud de crédito personal el 25 de agosto y quería saber si ya la aprobaron o en qué va porque la verdad sí ando esperando respuesta. Tengo el folio si lo necesitas, ¿me ayudas con eso? Bueno, sí, mira mi nombre completo es Daniela Ocampo Río y el número de referencia de cliente es 66412075 te lo repito o así está bien no no es si claro es 66412075 o sea 66412075 si te cuento metí la solicitud del 25 de agosto fue por la app y ahí mismo subí mis documentos no me pidieron nada extra después ni me ha llegado ningún correo ni mensaje ni nada la verdad por eso ya me preocupé un poco porque si necesito el crédito son 35,000 $35,000 pesos y pues ya hace un rato. No he tenido ninguna respuesta, ni llamada, ni notificación, nada. Sí, justo $35,000 pesos y es sobre mi cuenta nómina plus, el crédito personal normal, no el B2B, ni nada raro. Sí claro, es $66,000, $41,000, $20,000, $75,000, ¿te lo repito otra vez o así está bien? No, muchas gracias, con eso está bien. Que tengas buen día, bye."
call_18bd3c505fd5,synthetic,1,train,"Buenas tardes Marina. Miren, nomás quería saber cuánto debo actualmente y para cuando tengo que pagar. Sí, claro. Sí, como no. Mi nombre completo es Javier Peña Aldrete. El número de referencia de cliente es 90573812. Disculpe, creo que hubo un número diferente al final. Le repito, es 90573812. Si, no, no recibí mensaje de cobro. Sólo quiero consultar mi saldo y saber para qué fecha tengo que pagar. Ajá, gracias. Es sobre mi tarjeta, la de crédito. La que termina en 2-2-4-6. Sí, de no... No, muchísimas gracias por su ayuda. Que tenga buena tarde."
call_198ef413fe4a,human,0,val,"me está encubrando un seguro que no recuerdo haber contratado me gustaría cancelarlo. Si mi nombre es Héctor Navarro Salcedo y mi número de referencia es 2284-5506. No, el número es 2284-5506. Voy revisando y tiene tres meses que me están haciendo estos cargos y es por 189 pesos mensuales. Así es, eso me invito verde. Bien, es 2284-5506. Correcto. No, muchas gracias."
call_1a2f3635b411,synthetic,1,train,"Hola, sí, quiero reportar un cargo que no reconozco en mi tarjeta. Es por $1,850, el 28 de agosto. No sé de qué tienda sea y yo no lo hice. Mariana Solis Robledo y mi número de referencia es 8823-1147. Sí, así es. Ese día no hice ninguna compra. Lo vi apenas ayer revisando mi app. La tienda ni la conozco. Es sobre mi tarjeta Nomina Plus. La terminación es 5-5-1-0. Ajá. 8-8-2-3-guion-1-1-4-7. No, eso es todo, gracias. Buen día."
call_1ad99899456c,synthetic,1,train,"Miren, le cuento que recientemente cambié de número de celular y quiero actualizarlo en el banco porque ya no tengo acceso a la anterior y necesito seguir recibiendo los mensajes y notificaciones. ¿Me puede apoyar con eso por favor? Sí, claro. Es 7 7 1 2 guión 0459. ¿Me avisa si necesita que se lo repita? No, disculpe. Es 7 7 1 2 guión 0459. El último número es 9, no 0. ¿Desea que se lo repita más despacio? espacio? Sí, claro, mire, cambié de número hace como una semana más o menos, fue a principios de este mes. Ya no tengo acceso al número anterior porque era un número que tenía con otra compañía y ya cancelé la línea. Por eso me urge actualizar mi nuevo número, porque ya no recibo nada ahí, ni llamadas ni mensajes. Sí, sí lo recuerdo, el número anterior terminaba en 8-8-3-4, le repito, 8-8-3-4. Esa línea ya está completamente inactiva, ya no tengo acceso ni nada. Es sobre mi cuenta NominA Plus por... por... es donde normalmente recibo los mensajes y notificaciones del banco. Ajá, por su... Sí, claro, 7712, guión 0459. Muy bien. Quiere... Perdón, mi número de referencia completo es 7712, guión 0459. El nuevo número al que quiero que me lleguen los mensajes es 5521964477. Le repito alguno?"
call_1ba56b3cce45,synthetic,1,train,"Buenas tardes Marina, estoy llamando porque hice un pago y me aparece duplicado en mi estado de cuenta. Fue un pago de $2,600 pesos el día primero de septiembre y ahora veo dos cargos iguales. ¿Me puede ayudar por favor? Por supuesto, mi nombre es Adriana Cortés Lima y mi número de referencia de cliente es 4470-Gión-8193. Así está bien. Perdón Marina, pero el último número es 3, no 4. es 440-Gión 8193. Claro, yo hice un pago de $2,600 el 1 de septiembre y después, al revisar mi estado de cuenta, di que ese mismo pago aparece dos veces con la misma cantidad y la misma fecha. Por eso me llamó la atención y quise reportarlo. Es sobre mi cuenta nómina plus. Sí, puesto es 440-Gión 8193. No, muchas gracias por su apoyo. y tenga buena tarde."
call_1bf0aa4d4324,human,0,train,"Hola, oye, estoy queriendo cancelar un seguro. No recuerdo ese seguro y no me acuerdo de haberlo contratado. Mi nombre es Sektor Navarro Salcedo. 2, 2, 2, 2, 2, 8, 4, 5, 5, 0, 6. No, el último dijo, el último dígito es 6. Pues, vi el cargo, es un cargo que no estoy recorciendo, no me acuerdo de haber contratado ese seguro y es por 189 pesos. Lo que pasa es que lo noté, acabo de ver que fue hace tres meses el cargo, el primer cargo fue en junio. No, en la cuenta. No, no, no, sobre el seguro que no reconozco. 2-2-8-4-5-5-06. No, es todo, gracias."
call_1c1c0cce9fb5,human,0,val,"Hola, buenas. No, quiero checar cuanto de u y no tengo que pagar. Mi nombre es Javier Peñal Drete, mi nombre de regrencia es 90573812. No, es incorrecto. Si, es 90573812. El último pago que hice fue el 12 de agosto. Correcto. al último si 90 57 38 12 correcto me puede repetir el número que dijo así está bien muchas gracias"
call_1cc930924760,synthetic,1,train,"Sí, claro, no hay problema. Mire, hace dos semanas, el 19 de agosto, pedí que me mandaran una tarjeta nueva, pero hasta hoy no ha llegado a mi casa. Quisieras ver si hay algún detalle con el envío o si me pueden decir en qué va el trámite, por favor. Si, como no. Mi nombre es Ernesto Villalobos Prieto y el número de referencia es 11986630. Se lo repito. Bueno bueno, sigue ahí. Sí claro con gusto es 11986630. Está bien así? Sigue ahí."
call_1ee2936b46a7,synthetic,1,train,"Hola Marina, metí una solicitud de crédito personal hace unas semanas y quiero saber si ya la aprobaron. Me puedes ayudar a revisar el status por favor. Sí, claro, es el 6641 guión 2075. No, el último número es 5. Es 6641 guión 2075. Sí, la metí el 25. Sí, claro, las solicitudes... No se preocupe, dígame. Sí, correcto, 664-1-270-75. No, con eso está bien. Muchas gracias que tenga buen día."
call_224586045e67,human,0,train,"Miren, buenos días. Me están haciendo un cobro de un seguro que no recuerdo haber contratado y lógico quiero cancelarlo. Mi nombre es Héctor Navarro Salcedo y el número de referencia, El número de referencia es 2284-5506. Está equivocado. Es, confirmo, 2284-5506. Me llegó el cargo mensual del seguro por 189 pesos y lo noté hace tres meses. El primer cargo fue en junio. Así es, señor. Claro que sí. 2, 2, 8, 4, 5, 5, 0, 6, a 10, igualmente a buenos días."
call_22d0f235a47e,human,0,train,"Hola, buenas tardes, metí una solicitud de crédito personal y quiero saber si ya fue probado. Daniel Ocampo Ríos, 66412775. No, correcto. Fue el 25 de agosto de 35,000 pesos. Fue en su cursal. No estoy seguro de ello. Es Daniel Ocampo Ríos. 6 6 4 1 2 0 7 5 pero entonces no puedo saber todavía si fue aprobado"
call_22eacbc23d18,human,0,train,"Hola, buenos días. Pedí una tarjeta enhorra hace dos semanas y no ha llegado. Y pues quiero saber qué está pasando. Es María Villalobos Prieto. Claro, el número es 11986630. No. Sí, es 11986630. A mi dirección, pero no ha llegado. Fue el 19 de agosto. sobre mi cuenta no en la plus 11986630. Sí, nada más. Gracias."
call_23991b635849,human,0,train,"pedí una tarjeta nueva reposición hace dos semanas y aún no me llegan, nomás quería saber si les llevó mi solicitud o si se quedó ahí grabado en algún lado. Si te paso mi nombre soy María Villalobos Prieto y mi número de referencia es 11986630, no solamente es 30 al final. ¿Le puedes repetirlo acá de decir si no entendí muy bien? Lo pedí dentro de la aplicación, nada más que no guarde el folio, no sabía que tenía que guardarlo. Y no lo recuerdo, es mi tarjeta de crédito. ¿Correcto? Mi escolta, ¿a qué dirección de envío lo tiene? Porque capaz y no sé si se equivocaron en esa parte. ¿No puedes registrar todo? de mi dirección y los registros como para que me lleve mi internet ahí. Ok. ¡Viva!"
call_24e1989c4d6d,synthetic,1,train,"Hola. Sí, mira, me pago 20 hoy, pero no me vas a alcanzar. Puedo pagar el 20 de septiembre sin que me cobre en recargos. Rodríguez Anaya Castellanos. Ajá. Sí, claro, estrés, estrés, 06, 9281. No es 3.306.9281 Solo este mes Normalmente pago sin problema pero hoy si no me alcances Quiero saber si pago el 20 no me cobran de mas Es sobre el crédito verde Ah, si? Si, 3.306.9281 Bueno bueno sigue ahi Ok, 2.80 Bueno Ah No, gracias. Hasta luego."
call_253156878935,synthetic,1,train,"Hola que tal, oye es que me están cobrando un seguro que no me acuerdo haber contratado y pues lo quiero cancelar ya. Si soy actor Navarro Salcedo y la referencia es 22845506, no no termina en seis, o sea 22845506 pues son 189, empezó en juicio, creo que en mi cuenta la denomina si, si es 22845506 Si, de nada. ¡Ajá, digame!"
call_26be2ced1f65,synthetic,1,train,"Ah, mira, lo que pasa es que cambié mi número de celular y pues quiero actualizarlo para que me sigan llegando las alertas y los mensajes del banco. Porque ya no tengo el anterior. Como lucía Ferrer Montaño. Es el 7 7 1 2 0 4 5 9. Al final es 5 9. O sea, 7 7 1 2 0 4 5 9. Pues lo cambié apenas hace como una semana y ya de plano perdí el acceso al otro número, o sea, ya no tengo el chip ni nada. Sí, exacto. Como desde el jueves pasado ya no lo uso para nada. No sé bien qué plan sea, pero quiero que me lleguen las alertas de todo lo que use del banco. 7, 7, 1, 2, 0, 4, 5, 9. Puntalo por faes, el 5, 5, 2, 1, 9, 0, 4, 4, 7, 7."
call_2741c273bfcc,synthetic,1,train,"Hola, buenas tardes Marina. Mire, le llamo porque el pasado 25 de agosto metí una solicitud para un crédito personal por 35,000 pesos. Y pues ya pasaron varios días, entonces quería ver si me podrían decir si ya la aprobaron o cómo va el trámite. Sí, claro que sí. Mi nombre es Daniela Ocampo Ríos y mi número de referencia de cliente es el 66412075. No, disculpe, al final es 75, no 76. El número es 6641, 2075. Pues mire, la verdad es que la hice por internet porque ya ve que ir a las sucursales a veces quita mucho tiempo con las filas y todo eso y pues preferí hacerlo desde la computadora de mi casa con más calma. Al terminar me dieron un folio de seguimiento, dejé lo busco aquí en mis apuntes. El folio es C, ERREB 2418. Sí, exactamente, fue ese día. ¿Y qué tal? ¿Le aparece ahí si ya está probado? Sí, de acuerdo. Sí, es correcto, así es, 66, 41, 20, 35. No, sería todo de mi parte. Muchas gracias por su atención y por levantar el reporte. Que tenga muy buena tarde, hasta luego."
call_290aacdf95ca,synthetic,1,train,"buenas tardes hablo porque pedí una tarjeta nueva hace dos semanas y no me ha llegado quisiera saber si hay algún problema si claro es 1198 6 6 3 0 no el último es 0 1198 6 6 3 0 la pedí el 19 de agosto por teléfono fue con la cuenta nómina plus Ajá. Sí, claro. 11986630. Con eso está bien. Gracias."
call_29a23dea3118,synthetic,1,train,"Hola Marina, llamo porque cambié de número de celular y quiero actualizarlo en mi cuenta para seguir recibiendo los mensajes del banco. Claro, mi nombre completo es Lucía Ferrer Montaño, ya no tengo acceso al número anterior, por eso necesito hacer el cambio. Sí, claro, mi número de referencia es... Por supuesto, ahí va. 7 7 1 2 0 4 5 9 no es con el 5 al final no con el 6 es 7 7 1 2 0 4 5 9 si ya no tengo acceso desde esta semana fue en septiembre sobre mi cuenta nómina plus aha si claro 7 7 1 2 0 4 5 9 no solo era eso muchas gracias buenas noches"
call_29e423c5b8aa,human,0,train,"Hola, buenos días. Con Rocio Anaya Castellano. Voy a hacer un pago. Es un pago pendiente. ¿Qué? 33 06 92 81. Sí. Quiero hacer un pago de 4200 después del 10 de septiembre. Sí. Sólo lo quiero pagar el 20 de septiembre. Es mi crédito verde. 33, 06, 92, 81. Sí. No, gracias."
call_29f2b21b3d8a,synthetic,1,train,"Buenas tardes Marina, le llamo porque hace dos semanas pedí una tarjeta nueva y aún no me ha llegado. Quisiera saber que pasó con el envío por favor. Claro, mi nombre es Ernesto Villalobos Prieto y mi número de referencia de cliente es 119-8-Giom 6630. ¿Casi Marina, es 119-8-Giom 6630 con cero al final? Claro Marina, la solicité por teléfono el día 19 de agosto, hace ya casi tres semanas. Me atendieron muy bien. Me confirmaron que la tarjeta iba a ser enviada a mi domicilio en Calle Naranjos 214, Colonia del Valle. Pero hasta hoy, que es 10 de septiembre, no he recibido nada. Espero que me puedan ayudar a aclarar qué pasó. Sí, por favor Marina, quedo atento a lo que pueda haber... Sí Marina, estoy aquí. Me puede decir qué encontró, por favor? Muchas gracias Marina por su atención y ayuda. Estaré pendiente de la respuesta. ¡Que tenga buena tarde!"
call_29fddbedd6a4,human,0,train,"Dígate que cambié mi línea de teléfono, mi número, y quiero actualizarnos para que no me sigan, para que me lleguen los mensajes del banco y todo. Sí, mira, mi nombre es Lucia Herrera Montaño. Sí, mira, 7712-Gion-0459. No, 7712-Gion-0459. 5, 9. Mira, no, ya no tengo acceso al anterior. El número anterior termina en 88, 34. 77, 72, 72, 0, 0, 4, 5, 9, ¿no? Oye, no te puedo dar el número nuevo, si mire, 55, 21, 90, 44, 77. No, sería todo. Gracias."
call_2a34be1bd407,human,0,train,"Hola, buenas tardes. Hice un pago el cual me apareció dos veces en el estado de cuenta. Adrián Cortés Lima. 4-4-70-8193. No. 4-4-70-8193. Sí, fue el 1 de septiembre por 2.600 pesos con la tarjeta. El crédito verde 4 4 7 0 8 1 9 3."
call_2cd6a0b37e59,synthetic,1,train,"Bueno, soy Rodrigo Anaya Castellanos, referencia 33069281, tengo un pago de 4200 pesos que vence el 10 de septiembre y no me va a alcanzar. Quisiera saber si puedo pagarlo el 20 de septiembre sin que me cobre encargos extra. Exacto, esa es mi crédito verde. 33069281. Gracias, adiós."
call_2d2c74bdeb7b,human,0,train,"Hola, qué tal? Oye, fíjate que tengo un cargo que no estoy reconociendo en mi tarjeta y quiero ver si me puedes ayudar con eso. Sí, a ver, mi nombre es Mario Solir Robledo y el número de clientes 831147. 88231147. Sí, fíjate que me llegó un mensaje el 28 de agosto por un cargo de 1.850 pesos y es una tienda que pues no yo no he ido entonces no reconozco si si este al número que tengo registrado y si es por esa cantidad no es sobre un cargo que no que no me reconocieron perdón que"
call_2d4374d86df7,synthetic,1,val,"Hola, buenos días Marina, mire, llamo porque metí una solicitud de crédito personal y quería saber si ya me la aprobaron. Sí, claro que sí, mi nombre es Daniela Ocampo Ríos y mi número de referencia es 66412075. No, disculpe, termina en 75. Es 66412075. Bueno, bueno, sigue ahí. Fue antes, la metí al 25 de agosto. No, disculpe, termina en 75. Es 66, 41, 20, 75. Bueno, bueno, sigue ahí. Fue antes. La metí al 25 de agosto. Es un crédito personal normal, señorita. De hecho, solicité 35,000 pesos. Bueno, bueno, sigue ahí. Sí, claro, es 66, 41, 20, 75. No, muchas gracias. Sería todo por hoy. Que tenga un buen día."
call_30c4f6565eec,synthetic,1,train,"Buenas noches Marina. Mire, le llamo porque desde hace tres meses me están cobrando un seguro de 189 pesos que yo no recuerdo haber contratado. Quisiera cancelarlo por favor. Sí, claro, mi nombre es Héctor Navarro Salcedo. El número de referencia de cliente es 2284. 5506. Ajá. Sí, así es, ese es mi número de referencia. El primer cargo lo noté en junio de este año y desde entonces lo han estado cobrando cada mes. Me aparece en mi cuenta principal ahí donde tengo mi nómina? No se preocupe, el monto ha sido exactamente 189 pesos cada mes, no ha cambiado. Es sobre mi cuenta nómina plus, ahí es donde veo el cargo cada mes? Sí claro, es 22, 84, 55, 06."
call_312805f2b67f,synthetic,1,train,"Buen día. Hace dos semanas pedí una tarjeta nueva y no me ha llegado. Quiero saber que pasó por favor. Sí, claro. Es 11. 98. 66. 30. No. Es 11. 98. 66. 30. No termina en uno. La pedí el 19 de agosto. Era para que la enviaran a mi domicilio. Calle en Aranjos 2. 14. Colonia del Valle. Es de la cuenta nómina plus, solo tengo esa. Si como no, es 11.98.66.30. No, gracias, buen día. Hasta luego."
call_3332ecee2806,human,0,train,"Hola, quiero saber cuánto debo y cuánto tengo que pagar. Habiera, habiera, habiera Peña. Es 90, 57, 38, 12. 90, 57, 38, 12. Sí. de la pérdida. En el que el control en el canal solamente quisiera saber cuánto debo y cuánto tengo que pagar y el último pago que hice fue de mil quinientos pesos el 12 de agosto. La terminación de mi tarjeta es 22 46 y crédito verde es 9 0 5 7 3 8"
call_349b9fddaff0,human,0,train,"Ernesto Villalobos quiero reportar una tarjeta que pedías de dos semanas y no me ha llevado. Ernesto Villalobos, proyecto 1-98-6630. Incorrecto. El correcto es 11986630. La pedí el 19 de agosto y no la he recibido. La pedí acá en Naranjos, en la colonia del Valle. Es lo mismo, número 214. Denomina."
call_34f4c668dbe8,human,0,train,"Hola, mi nombre es Quinda Navarro Calcedo. Lo que pasa es que me estoy haciendo un cargo que no reconozco y es de un seguro, entonces quisiera cancelarlo porque yo no lo contrate. Sí, es veintidós ochenta y cuatro cincuenta y cinco cero seis. No, señorita, está más. El cargo lo vi hace aproximadamente, bueno lo vi apenas ayer pero me lo están haciendo hace aproximadamente tres meses, es un cargo de 189 pesos. Desde hace tres, es que apenas lo vi ayer pero me están haciendo el cargo desde hace tres meses. No, señorita. 22 84 55 0 6. Y si era también, checar por qué mi tarjeta no ha llegado. La pedí hace dos semanas y me la tenían que enviar a mi domicilio. Pero señorita, todavía no. ¿Por qué me cuerdas? No, pues eso señorita. Gracias."
call_35966c559fcc,human,0,train,"Hola, buen día. Lo estoy llamando porque estoy regresando mi estado de cuenta y estoy viendo un cargo doble. Adrián Cortés Lima, muy bien. 44718193. Al final es 9.3. Bueno, lo noté ahora el día 7 que recibí el estado de cuenta del periodo pasado. El cargo es del 1 de septiembre por 2600 y aparece dos veces del mismo comercio. correcto. Es en la nómina."
call_36640e327eaf,human,0,train,"Me están cobrando un seguro que no recuerdo haber contratado y quiero cancelarlo. Hilda Navarro Salcedo 2284-5506. No. 2284-5506. Lo noté hace tres meses y el primer cargo fue en junio. 189 pesos. Creito verde. 2284-5506. Sí, nada más, gracias. Igualmente."
call_36d72e4b1aef,synthetic,1,val,"Buenas tardes, habla Javier Peña. Mire, hablo porque quiero saber cuánto debo. Y para cuándo tengo que realizar mi pago, por favor. Sí, claro, mi número de referencia es el 90573812. No, disculpe, los últimos dígitos están mal. Es 3812. 90573812. Mire, no estoy muy seguro de los nombres de los productos, pero es para la tarjeta que termina en 2246. De acuerdo. Espero. Sí, aquí sigo. A ver, se lo repito de nuevo. Es el 9 0 5 7 son 3 8 1 2. Sí, así es. Me podría decir entonces cuánto debo y cuándo tengo que pagar por favor. No, sería todo de mi parte. Muchas gracias por su atención y que tenga buena tarde."
call_373750027ccd,synthetic,1,train,"Hola Marina, ¿qué tal? Oye, marqué porque pedí una tarjeta nueva hace como dos semanas y pues no ha llegado. Quería saber si pueden checar qué pasó o si hay algún detalle con el envío. Gracias. Sí, ahí lo tengo. Es el 1198-Gion6630. Ajá. No, casi, pero es 660 al final. O sea, 1198-Gion6630. Sí, lo hice por la app el 19 de agosto. Todo fue digital, solo me pedía confirmar la dirección y ya, nunca apareció aviso de que hubiera problema. Solo decía que la tarjeta estaba en proceso y de ahí, nada más. Fue justo cuando terminé el trámite, el 19. Ese día me salió la confirmación de que la solicitud estaba hecha. Es sobre la denomina plus. La otra ni la he usado. Ajá. Claro. Sí, claro. Exacto, así mero. 1198 Guion 6630. No, con eso está perfecto. Muchísimas gracias que tenga buen día."
call_374f870c8124,synthetic,1,train,"Hola, si que tal? Oye solo quiero saber cuanto debo ahorita y para cuando es el pago. Si, mi nombre es Javier Peñaldrete. El número de referencia es 9, 0, 5, 7, cuantos 38, 12. Ajá. Sí, claro, quieres... No, mi referencia termina en 12, o sea, 9, 0, 5, 7, 38, 12. Es por la denomina todo desde ahí. Ajá. Sí. Va, gracias. Bueno, bueno."
call_37e63dcc8185,synthetic,1,train,"Hola Marina, oye pues hablo porque me metí a mi aplicación y vi un cargo super raro que yo no hice, o sea de plano no lo reconozco para nada y quería ver si me pueden ayudar a checar qué onda con eso porque pues no fui yo. Qué flojera con tanto dato, pero a ver me llamo Mariana Solis Robledo. Mi número de referencia es 88, 23, 11, 47 y mi tarjeto termina en 55, 10. No, o sea casi pero no es 88, 23 ni 11, 47. Al final es 47, no 45. Sí, exacto ese mero. Sí de nada. Tú me dices con la tarjeta que termina en 5510. O sea, el cargo es de $1,850 pesos, del 28 de agosto. Y de verdad que es en una tienda que en mi vida he visto no sé ni que sea."
call_387c5493a07f,synthetic,1,train,"Sí, está bien. Mire, revisando mis estados de cuenta veo un cargo mensual de 189 pesos por un seguro que no recuerdo haber contratado. Quisiera que me ayudara a cancelarlo. Mi nombre es Héctor Navarro Salcedo y mi número de referencia es 2284-5506. No es 2284-5506. Por favor. Sí, el cargo empezó hace tres meses, en junio. No recuerdo haber autorizado ese seguro y me sigue llegando ese cobro mensual de 189 pesos. No he hecho ningún cambio en mis productos bancarios. Es sobre mi cuenta Nomina Plus. Quisiera cancelar ese seguro, por favor. 2284-5506. No, gracias, eso es todo por ahora. Buen día."
call_39880aff21ed,synthetic,1,train,"Hola, ¿qué tal Marina? Pues mira, te cuento, lo que pasa es que pedí una reposición de mi tarjeta, ya tiene como dos semanas. Fue por el 19 de agosto, si mal no recuerdo, y pues de plano no me ha llegado nada a mi casa. Quería ver qué onda, o sea, si se perdió, ¿qué pasó? Porque ya se tardó bastante. Sí, claro, mi nombre es Ernesto Villalobos Prieto. Y el número de referencia que me pides es el 11986630. No, perdón, te lo di mal o me escuchaste mal, el final es 3-0. O sea, es 1-1-9-8-6-3-0, no 4-0. Pues mira, la neta la pedí por la aplicación porque qué flojera ir a pararse a una sucursal con las filas que se hacen, ya sabes. El chiste es que fue el 19 de agosto, me acuerdo bien porque era lunes y andaba con mil cosas en la oficina. En la pantalla me salió que ya estaba todo listo y que me la mandaban a mi casa, en la calle Naranjos 214 de la colonia del Valle. pero no me llegó ningún correo con número de guía ni nada de eso por eso se me ha cerrado que ya pasó tanto tiempo y no más no aparece Sí, exacto, justo esa es la dirección naranjos 214 Colonia del Valle. Es la de mi cuenta nómina plus, sí, es Amera. Sí, esa. No, sería todo, muchas gracias por la ayuda Marina. Hasta luego."
call_3adbf4ac0f30,human,0,train,"Buenos días, señorita. Mire, solicitar una tarjeta nueva hace dos semanas y no me ha llegado el plástico. Quiero saber qué sucedió. Mucho gusto. Ernesto Villalobos Prieto. 11.90. A ver, se lo repito, dígito por dígito. 11.986630. No, señorita. Corrijo. 1 1 9 8 6 6 6 3 0. Miren, yo la pedí, lo único que tengo es que la pedí el 19 de agosto y con la dirección, en mi dirección, es Calle Naranjos 200, Calle Naranjos 214 Colonia del Valle. Sí, señorita, fue el 19 de agosto de este año. 8863, así es, señorita. Igualmente."
call_3b1bf9fab29d,human,0,train,"Hice un pago y me cobraron dos veces, me apareció dos veces en el estado de cuenta. Adriana Cortés Lima. 447 08193. 447 08193. Uno de septiembre, cuando realice el cargo. Crédito verde. 447 08193. Nada más, gracias."
call_3b9afdd4a2df,human,0,val,"Hola, soy Javier Apeña Lvete, pago de 1500 pesos el 12 de agosto. 0573812, 0573812. Que me cobrao dos veces. Nada más quiero saber cuánto debo y cuánto tengo que pagar. ¿Y que los cargados? 9, 057, 057. Sí, es el correcto. Bueno, nos vemos."
call_3ca96b2dd5c4,human,0,train,"No, yo gusto hablar, Rodrigo Vanallá. Una vez, si, estoy viendo que esta fue mi tarjeta de crédito, vencé el 10 de septiembre, pero quería pedir una extensión, porque de verdad no la voy a armar para esa fecha. Si es 3, 3, 0, 6, 9, 2, 82. No, 81, no. No, pues estoy viendo que ahorita faltan, ¿qué? ¿Cuánto faltan 2 días? y no tengo el dinero, dice que no es de 4.000 pesos, no me dan las cuantas ahorita con el trabajo y que no me han pagado el chimaco de entrada a la primaria, es la tarjeta de crédito, 7.039281, correcto. Me han pagado el 20 de septiembre, pero entre 10 a 20 es el mecha de pago total. Entonces me tienen que confirmarlo. Si ven el 10 de septiembre, que pasa si ese día no me ha llegado una confirmación y ya tengo que pagar. Va, muchas gracias."
call_3cd08cbaf55c,synthetic,1,train,"Hola, buenas tardes. Mire, le llamo porque acabo de cambiar mi número de celular y quiero actualizarlo en mi cuenta para que los mensajes y notificaciones del banco me sigan llegando sin problema. Le puedo dar mis datos? Sí, gracias. Por supuesto, mi número de referencia es 7-7-12-Gion-04-59. Sí, correcto. 7-7-12-Gion-04-59. Ya no tengo acceso a ese número de hecho lo di de baja porque era de un plan que ya no renové por eso estoy haciendo el cambio porque ya no puedo recibir ningún mensaje ahí el número que termina en 88 30 no se preocupe adelante si claro es 7 7 12 guión 0 459 no muchas gracias buenas tardes"
call_3d69be34ef44,human,0,train,"Miren, y se, pedió una tarjeta nueva hace dos meses y no ha llegado. Quería saber qué pasó. Con esto, Villalobos Prieto, 11.9866.30. Es 11986630. Lo único que le puedo comentar es que la pedí el 19 de agosto, señorita. La nómina plus 1111 986630."
call_3f3ac4984431,human,0,train,"Buenos días. Miren, tengo el problema de, problemas de pago porque tengo, no me va a alcanzar para, para, para pagarlo a tiempo y quiero saber si puedo pagar unos días después sin que me cobren. De más, soy Rodrigo Anaya Castellanos. Lo que sí es, 3306-9281, se lo confirmo. 3, 3, 0, 6, 9, 2, 8, miren, este, el pago pendiente es de 4,200 pesos y el vencimiento es el 10 de septiembre y quiero pagar hasta el 20 de septiembre si es posible. Si, no, pues es de mi tarjeta de crédito, crédito verde señorita, permita. Es el 33069280."
call_415d987a1504,synthetic,1,train,"Oye, es que hice un pago y me apagé dos veces en el estado de cuenta. Adriana Cortes Lima. Es el 44,70, 81,93. No es 44,70, 81,93. Pue un pago de 2.600 pesos. El primero de septiembre y me sale repetido. ¿Es mi cuenta normal? Sí. Es el 44,70, 81,93. Sí, exacto."
call_41fc5fd779c9,synthetic,1,train,"Hola Marina, ¿qué onda? Mira, nomás quería saber cuánto debo ahorita y para cuando tengo que pagar. Sí, aquí lo tengo. Es 90, 57, 38, 12. Sí, justo este. Claro, mira, sólo... pues la neta, los dos. No te preocupes, dime. Ajá. Sí."
call_450b4e13468b,synthetic,1,train,"Oye pues estoy viendo un cargo en mi tarjeta que no reconozco para nada y me tiene medio confundida. Quisiera que me ayudaras a revisar que onda con eso. Hola Marina. Sí claro mi número de referencia es 8823 Guion 1147. No no perdón es 8823 Guion 1147 no 577 es 8823 Guion 1147. Sí claro te decía que fue el 28 de agosto por 1850 pesos y pues el comercio la verdad no me suena para nada, no sé ni cómo se llama, entonces no puedo dar más detalles de eso. Sólo vi el cargo en mi estado de cuenta y pues ya me asusté. Anomina plus por favor. Perfecto y la tarjeta que estés usando, si es la tarjeta que te... Muchas gracias eso es todo por ahora. Que tengas buen día, adiós. Gracias por su atención, que tenga buen día, adiós."
call_4789ebd9b148,synthetic,1,train,"Hola Marina, buen día. Mire, le hablo porque tengo una duda con mi estado de cuenta. Hice un pago de $2,600 el 1 de septiembre y me aparece dos veces. Si lo hubieran cobrado doble, ¿me puede ayudar a revisar eso por favor? Claro, mi nombre es Adriana Cortés Lima. Mi número de referencia de cliente es 44708193. Perdón, no. Es 44708193. Termina en 93, no en 92. ¿Me ayuda a verificarlo por favor? Sí, claro. Es 44, 70, 81, 93. ¿Se lo repito? Ajá. Le cuento. El pago aparece. No se preocupe, dígame. Está bien, gracias. Muy bien."
call_47bef2f628eb,human,0,val,"Hola, hice un pago y apareció desde el estado de cuentas. Sí, Adrián Cortés Lima y el número de referencia de clientes 44708193. No, no estoy equivocado. 44708193. Sí, fueron 2.600 pesos y lo hice el 1 de septiembre. Hice el pago el día 1 de septiembre. Mi cuenta no me nació. Si, es 4-4-708193. Correcto. Nada más."
call_486215b37ca1,human,0,train,"Quiero saber el estado de una solicitud de crédito. Si soy Daniela o pan por río. Si es el 66412075. No, termina en 75. Lo hice por el RAS Curzal. Si, el 25 de agosto. Ehh... Cerrito verde. Mi número de referencia es el 9... Perdón, es el 66412075. Sí, correcto. No nada, está bien así. Gracias."
call_488e7b893457,human,0,train,"Sí, buenos días. Hay un cargo en la tarjeta que no hice y quiero que lo revisen. Mariana Solís Robledo, 888-23-1147. Es un cargo de $1,850 el 28 de agosto en una tienda que no reconozco. Es tarjeta de crédito sobre la cuenta crédito verde 888-2147. Nada más. Gracias. Gracias."
call_4ac92327c83b,human,0,train,"Buen día. Buen día. Oiga, señorita, fíjese que mi pago vence pronto y no, no voy a alcanzar. Quiero saber si puedo pasar en uno, puedo pagar unos días después sin que me cobren de más. Sí, sí, me llamo Rocío Anaya Castellanos y mi número de referencia es 33 06.92.81. 3.30.0.6.92.81. Mira el pago vence el 10 de septiembre. Es un pago de 4.200 pesos y yo lo quiero pagar el día 20 de septiembre. Sí, pues no sé, el número de referencia es el 3306-92-81. Es 3306-92-81. Vamos bien. Ok, perfecto, señorita. Muchísimas gracias. Igualmente. Bye."
call_4affad158a4c,synthetic,1,val,"Hola, hablo porque hoy vence mi pago y no me va a alcanzar. Quería ver si puedo pagar unos días después sin que me cobre en demás. Si mi nombre es Rodrigo Anaya Castellanos y mi número de referencia es 3306-9281. No, es 3306-9281. Termina en 81. Pues me di cuenta hoy que de plano no me va a alcanzar. Quiero pagar el 20 de septiembre. Es sobre el pago que vence hoy de 4200 pesos. Está bien. El de referencia 0629281. No sería todo. Muchas gracias."
call_4b1bec58d02d,synthetic,1,train,"Hola Marina, hablas con Ernesto Villalobos, llamo porque hace unas dos semanas, el 19 de agosto pedí una tarjeta nueva y todavía no me ha llegado, quería saber que paso con eso, gracias. Claro, mi número de referencia es 1-19-8-6630, no perdón, los últimos números están mal. ¿Y es 3-0? Termina en 3-0. Bueno, si me escucha... Pues mire, la solicité el 19 de agosto. Me dijeron que me llegaría directo a mi domicilio, que es Calle Naranjos 214, en la colonia del Valle. Pero ya pasaron tres semanas y no ha llegado nada, ni me han mandado ningún aviso por eso quería revisar el estatus es de mi cuenta la de débito supongo que es esa que menciona denomina si claro es 119 6 6 3 0 y ese es el número correcto bueno si me escucha No, está bien ya, no telfolio. Sería todo de mi parte, muchas gracias por la ayuda. Hasta luego."
call_4baef170cf46,human,0,train,"Fíjese que vi un cargo en mi tarjeta y no lo reconozco, no más quiero ver que eso de dónde viene. Soy Mariana Solis Robledo. Te lo dicto. Es 888-23-1147. No, es 1147. Sí, estoy viendo un cargo de 1.850 pesos para el día 28 de agosto en una tienda que no alcanzo a distinguir que eso tiene una nomenclatura rara. Sí, mi cuenta denomina es 88231147. Correcto."
call_4c278007298d,human,0,train,"Este, bueno, es que fíjense que quería saber cuánto debo de una deuda y realmente no sé seguro cuánto tengo que pagar. Sí, claro, es Javier Peña al drete y mi número de referencia es 90573812. 812, no sé si es... Si, no he visto mi saldo reciente y pues creo que el último pago que hice fue el 12 de agosto y creo que pague como 1.500 Entonces quiero saber cuánto de hago pues. 573812, listo me va a dar la voz. Nada, solamente bonito día, gracias pa'y."
call_4c8c40f7c2fd,human,0,train,"Tengo un cargo en la tarjeta que no reconozco. Mario Solí Robledo, 8883-1147. No, 8883-1147. Es un cargo que no reconozco el 28 de agosto y es un cargo de 1850. no tengo idea, tampoco tengo idea. 888-231-147. Nada más, muchas gracias."
call_4cd5b14fbe3c,synthetic,1,train,"Buenas tardes Marina, le llamo porque hace dos semanas pedí una tarjeta nueva y todavía no me ha llegado. Quisiera saber qué ha pasado con ese envío por favor. Me llamo Ernesto Villaló Sprieto. Claro, con mucho gusto. Mi número de referencia de clientes 1198 Guion6630. Necesita que repita algún dato más. De nada Marina, quedo a la... Muchas gracias por su atención. No se preocupe Marina, estoy aquí para... Por favor Marina, podría confirmarme si la tarjeta es... Perdone Marina, no entendí bien lo que quiso decir. Podría repetirlo por favor. Estoy un poco confundido con lo que me menciona. Entiendo Marina, muchas gracias por aclararlo. Espero que puedan revisar y decirme qué pasó con el envío de mi tarjeta porque ya pasó bastante tiempo. Claro Marina, es 1198-Giom6630. No muchas gracias Marina. Quedo al pendiente del mensaje. Que tenga un buen día. Adiós."
call_4d8129939686,synthetic,1,train,"¿Qué tal? Buenas tardes. Oye, me están haciendo el cobro de un seguro que yo no contraté y la verdad quiero cancelarlo. Héctor Navarro Salcedo y la referencia es 22.84. 55.06. No, es 06 al final. 22.84, 55.06. Pues me di cuenta hace como tres meses. El primer cargo fue en junio. Me están quitando 189 pesos al mes. En la cuenta de débito de ahí me lo están quitando. Pues en la de débito, la normal, la que uso siempre. Sí, esa. Ah, qué me decías."
call_4e60206f7e8a,human,0,train,"Hola mi tarjeta no me ha llegado. Lo pedí hace dos semanas. Sí, no me ha llegado. Ernesto Villalobos Prieto y mi número de referencia es el 1198, guión 6630. Así es. La solicité el 19 de agosto, me parece. y la puse la dirección para que me llegara a Calle en Aranjos, 2, 14, Colonia del Valle. 1, 1, 9, 8, 6, 6, 3, 0."
call_4e9cec0da4ea,synthetic,1,train,"Hola, sí, oye, tengo un cargo de un seguro que no recuerdo haber contratado, me lo están cobrando desde hace como tres meses, son 189 pesos cada mes. Quiero cancelarlo, por favor. Sí, es sector Navarro Salcedo y el número de clientes 22, 84, 55, 06. No, es 06 al final, no 07. 22, 84, 55, 06. Ajá. Sí, exacto. El primer cargo fue en junio y desde ahí cada mes igual 189 pesos sobre la nómina ahí fue donde lo vi si 22 84 55 06 si no gracias que tengas buen día hasta luego"
call_4f0dad5104b3,human,0,train,"¿Qué? ¿Qué? Hola, buenas tardes. Quisiera reportar un cargo que no reconozco. Claro que sí. Es Mariana Salíes Robledo. No lo encuentro, señorita. Es que no veo. Ok. Ya encontré el estado de cuenta. El número de referencia es 88231147. No, señorita. Lo estás diciendo mal. No, señorita. Es que estoy muy molesta porque me hicieron un cargo cargo por mil 850 pesos el 28 de agosto no me parece justo es dinero que yo iba a a usar y ya me hicieron el cargo cuando me lo van a regresar no sobre mi cuenta no me inaflos leis 88 23 11 47"
call_51851f91f064,human,0,train,Mi tarjeta no ha llegado. Me le digo mandar a domicilio desde hace como dos semanas y no ha llegado. 11986630. 6630. Pues pedí una tarjeta nueva hace dos semanas y no ha llegado. Justo hablo para saber qué pasa. Sobre la plus 1986630. Sí.
call_5273f6be303c,human,0,train,"Si comunique Ernesto y a Lobos hace dos semanas, te iba la tarjeta de crédito y supone que me llegaba en 10 días y no me ha llegado. No, pero yo quería saber por qué no me ha llegado, me dijeron que me llegaba en 10 días. Si es 11.98.66.30. No, 30 al final. A 0, no 1. Si viene ahí en el... En mi...estaba de cuenta. Ah, puse la tarjeta de crédito. 1.98.66.30. Sí, pero estoy hablando porque me llegó tarde, no sé qué puedo hacer para que me llegue. A tiempo, yo me hubiera de viaje y lo necesitaba. Lo llevaba en dos semanas. No, sería todo, gracias."
call_52ba7c3bd761,synthetic,1,train,"Buenas tardes Marina. Llamo porque cambié de número telefónico y necesito actualizarlo en mi cuenta para seguir recibiendo los mensajes del banco. Claro, me llamo Lucía Ferrer Montaño. El número de referencia es 7712-0459. Disculpa, pero el número es 7712-0459. El último dígito es 9, no 8. Claro, cambió. Ya no tengo acceso al número anterior. Es sobre mi cuenta nómina plus. Perfecto. Entonces quiero actualizar mi número nuevo, que es 55, 21, 90, 44, 77. Si, el número de referencia es 7712-0459. No, gracias. Solo era actualizar el número."
call_52bfee0220ab,synthetic,1,train,"Hola, buenas tardes, señorita Marina. Que, mire, le hablo porque cambié de número de teléfono y quería ver si me puede ayudar a actualizarlo para que me sigan llegando los mensajes de mi cuenta, si es tan amable. Sí, claro que sí. Mi nombre es Lucia Ferrer Montaño y mi número de referencia de cliente. Permítame un segundito que aquí lo tengo anotado. Es el 77-12-04-59. Sí, de nada, señorita. Sí, dígame, señorita. Pues, mire, yo creo que es para la de nómina plus, ¿no? Que es donde me llegan todos los avisos de mis movimientos, ¿no? Si es tan amable. Sí, sí, claro que sí, con mucho gusto. Es el 77, 12, 04, 59. No, disculpe, señorita Marina, es 77, 12, 04, 55. No señorita Marina sería todo de mi par. Le agradezco mucho su atención y que tenga una muy bonita tarde. Hasta luego."
call_54a09817b7e2,synthetic,1,train,"Hola, llamo porque me están cobrando un seguro que no recuerdo haber contratado y quiero cancelarlo. Me llamo Héctor Navarro Salcedo, lo noté hace tres meses, el primer cargo fue en junio. Mi número de referencia es 2284-Gion-5506. No, es 2284-5506. Me están cobrando, lo veo en el estado de cuenta mensual, pero sí. Es sobre mi cuenta nómina plus, el cargo mensual es de 189 pesos y quiero cancelar ese seguro. Buen día."
call_565b6523733e,human,0,train,"Voy a pagar tarde mi tarjeta. Sí, soy Rocío Anaya y el número de cliente es 33069281. Los últimos es 81. Y pago, ven, se pronto y no voy a alcanzar. Quiero saber si puedo pagar unos días después. No, no la recuerdo. Sobre el crédito verde. 33069281. Sí."
call_568b5e814bc3,human,0,train,"¿Qué pasa? Lo que pasa es que pedí una tarjeta hace dos meses y no me he llegado. Daniela Ocampo Rios. Cuatro uno dos cero siete cinco. No. Sí, póname la atención. Es sesenta y seis cuarenta y uno veinte setenta y cinco. Y ahora ya se que solicite 35 mil pesos. Ah, no, pues, no, yo verdad cuenta verde. Sí, 98, 66, 30."
call_569ffb0869eb,human,0,val,"Hola, buenas tardes. Marco, ¿por qué cambié el número y quisiera actualizarlo para que me sigan justo llegando los mensajes del banco? Si, mi nombre es Lucía Ferrer Montaigne. Otro, cinco, nueve. Si, simplemente quiero actualizarlo porque cambié de compañía, entonces al cambiar de compañía, perdí mi número anterior entonces quisiera actualizarlo con el número que tengo actualmente. Fue con mi cuenta. Sí, termina en 5.9. No, muchísimas gracias."
call_56f58de34ea0,synthetic,1,train,"Si, esta bien, mira, solo quiero checar cuanto debo de mi tarjeta y para cuando tengo que pagar, porque la neta ya no me acuerdo y no quiero que se me pase. Si, es Javier Peña Aldrete. Si, lo tengo, es 9 0 5 7 3 8 1 2. No, de hecho es 9 0 5 7 3 8 1 2. Son 8 dígitos. No, esta mal, mire, es 9 0 5 7 3 8 1 2. Así tal cual. Si, el ultimo... lo hice el 12 de agosto es de la tarjeta la que termina en 2 2 4 6 y claro mire es 9 0 5 7 3 8 1 2 si así está bien"
call_578504f9f39e,synthetic,1,train,"Hola Marina ¿Qué tal? Oye te llamó porque pedí una tarjeta nueva hace ya como dos semanas y no me ha llegado nada. ¿Me ayudas a revisar qué onda con eso? Sí claro, mi nombre es Ernesto Villalobos Prieto. El número de referencia es 1-198-Gion6630... No no no, es 1-198-Gion6630. Cero al final no uno. Sí, la pedí el 19 de agosto. Justo por teléfono me dijeron que me la iban a mandar a mi casa y pues nada más me quedó la referencia. No me dieron folio de envío ni nada, solo eso. Es sobre la denomina plus, ahí es donde me depositan y esa era la que necesitaba. Claro, es 1-198-GYON-6630. No ya con eso, muchas gracias. Que tenga buen día, hasta luego."
call_57f113803718,human,0,train,"Sí, pedí una tarjeta nueva hace dos semanas y no he llegado. Ernesto Villalobos Prieto 11986630. No, 11986630. El 19 de agosto lo pedí y la dirección es Calle Naranjos 214, Polonia del Valle. y no ha llegado hace dos semanas. No sé cuál tarjeta es."
call_5823cd70919d,synthetic,1,train,"Buenas tardes. Hablo porque hice un pago y me aparece dos veces en mi estado de cuenta. Mi nombre es Adriana Cortes Lima. Fue con mi tarjeta de débito. Sí, mi número de referencia es 44708193. No, es 93 al final. 44708193. ¿Qué termina? Es sobre mi cuenta de débito, la denomina. Sí, gracias. Es 447-08193. Sí, es correcto. No, sería todo de mi parte. Muchas gracias por su ayuda. Hasta luego."
call_58a0f7394bc3,synthetic,1,train,"Hola Marina, ¿cómo estás? Oye, marqué porque cambié de número de celular y quiero actualizarlo aquí en el banco para que me sigan llegando los mensajes y todo eso, porque ya no tengo acceso al que estaba antes. Sí, claro, mi nombre es Lucía Ferrer Montaño y mi número de referencia es 7 7 12 0 4 59. Ah no, fíjate que es 7, 7, 12, 0, 4, 5, 9. Al final es 59, no 58. Hace como dos días todavía lo tenía, pero ya lo desconecté porque cambié de chip. Ya solo estoy usando el nuevo. Es por la cuenta nómina plus, todo lo que tiene que ver con ahí, para que me lleguen los avisos y notificaciones. Ajá. Sí, claro, es 7, 7, 12, 0, 4, 5, 9. Sí, correcto. No, con eso está perfecto. Muchas gracias, que tengas buen día, bye."
call_58ed2170e352,human,0,val,"Mi tarjeta no ha llegado. Sí. María Villalobos y 119-866-30. No, lo último es 30. La pedida es del 19 de agosto y no me ha llegado nada. No he recibido ninguna notificación. Nada. a domicilio sobre el crédito verde 1 9 8 6 6 30 es correcto"
call_5a6307557d57,human,0,train,"Buenas tardes Marina, solicité una reposición de tarjetas de dos semanas y no me ha llegado. Claro que sí, mi nombre es María Villalobos Prieto y mi número de referencia es el 11 986630. No, está equivocado, se lo vuelvo a repetir, es 11986630. No, la solicité por teléfono y la fecha en que la pedí fue el 19 de agosto. Sobre la nómina plus. Claro que sí, es el 11986630. No nada más, Marina. Muchas gracias."
call_5a7a7e3c9588,synthetic,1,train,"Hola que tal? Oye pues mira te cuento es que hoy se vende mi pago y la verdad es que ando super corto de lana no me van a alcanzar para completarlo hoy Quería ver si hay alguna forma de que pueda pagar el 20 de septiembre o sea en unos 10 días Pero sin que me vayan a cobrar comisión por pago tardío o intereses extra ya sabes Sí claro déjame déjame buscarlo rápido a ver es el 3 3 0 6 9 2 8 1 De hecho es 8 1 al final o sea 3 3 0 6 9 2 8 1 No, hombre, es la primera vez. La verdad es que siempre ando súper al corriente con mis pagos y todo en orden, pero este mes de plano se me juntaron un buen de cosas. Que si el carro, unos gastos de la escuela y pues de plano me queden ceros. Por eso quería ver si me pueden tirar un paro de pagar el 20 de septiembre que ya me cae un dinerito para no andar con recargos o nada de eso. Siba, gracias, ahí me avisas. Ah, perdón, Micky. No, de mi parte sería todo, de verdad, muchas gracias. Oye, ¿y me das algún número de folio o con eso ya quedo listo todo?"
call_5c9d19646f57,human,0,train,"Hola, buenas tardes. Quisiera reportar un cargo que no reconozco. Claro que... espere mi señorita. Mi nombre... ¿Ya puedo hablar? Ok, mi nombre es Mariana Solis Robledo. No, me ayudas a buscarlo."
call_5d86f0ca06aa,synthetic,1,train,"Hola, oye me están cobrando un seguro que yo ni al caso no me acuerdo de haberlo contratado y lo quiero cancelar Si me llamo Hector Navarro Salcedo y mi número de referencia es el 22 84 55 06 No es con 06 al final Pues me están cobrando 189 pesos al mes. El primer cargo fue en junio o sea ya van como tres meses con eso La verdad no se supongo que de mi cuenta normal no tengo idea de qué sea eso de crédito verde Sí porfa Sí ese mero"
call_5e4539a471f6,synthetic,1,val,"Hola buenas tardes habla Rodríguez Anaya, mire lo que pasa es que hoy vence mi pago y no me va a alcanzar, quería ver si puedo pagar unos días después sin que me cobren de mal. Bueno, si me escucha. Sí, claro, mi número de referencia es el 33 66 92 81. Bueno, bueno, sigue ahí."
call_5f7a4b3e8ca9,human,0,train,"Hola, buen día. Estoy llamando porque quisiera avisar un cargo en mi tarjeta y yo no lo realicé. Sí, claro, gracias. Mi nombre es Mario Solis Robledo. Claro, claro. 8-8-2-3-Guion-1. ¿Adelante? No, de nuevo es 8, 8, 2, 3, guión 11, 4, 7. Correcto. Es un cargo el 28 de agosto por 1.850 pesos. Correcto. Es mi trajeta 5510."
call_6058d9c5c82f,synthetic,1,val,"Hola, buenas noches. Metí una solicitud de crédito personal y quiero saber si ya está aprobada. Sí, claro. Daniela, si es 6641. Si los que siguen son 7.5, todo junto es 6641.270.5. No, es 6641.270.5. No, es 7.6. La metí el 25 de agosto. No recibí ningún mensaje, solo el folio. folio. Si el folio es CER-Gion 20418, no es crédito personal, el de 35 mil pesos. Ajá, si, claro, CER-Gion 20418, si, así está bien."
call_60ffdefc5f5a,human,0,train,"Mi tarjeta no ha llegado. Sí. Claro, me llamo Ernesto. 11.986630. Hay un cargo que no reconozco. 1850 pesos. Mi crédito. 88231147. Es que me cobraron dos veces. Repíteme todo lo que hicimos en esta sesión. ¿Puedes verificar cuáles son las cuentas que tengo activas?"
call_624a4731ab56,human,0,train,"Señorita, es que acabo de ver un cargo en mi tarjeta que creo que yo no hice y necesito que me lo revisen. Mi nombre es Mario Solís Robledo y el cargo que yo veo aquí es de $1,850 pesos y es del 28 de agosto en una tienda que no reconozco, o que no reconozco pues. 8, 2, 3, 4, 7. Permítame, tu señalita. Permítame. Aquí está. 8, 8, 2, 3, 1, 7. Luego que no. Y esa es mi tarjeta, terminación, 5, 5, 10. Es sobre la nómina, plus 8, 8, 2, 3, 7."
call_63a156c6b8d9,human,0,train,"¿Qué tía? Gracias por llamar a ¿Vas a hacer? ¿Me gustaría saber cuánto debo y cuánto tengo que pagar? Javier Peña Aldrete. Claro, es 90, 57, 38, 12. No, es terminando en 12. No, más cuánto es lo que debo y cuánto tendría que pagarlo. Sí. Sobre mi cuenta nómina plus. 9 0 5 7 3 8"
call_64637c20ee66,human,0,val,"¿Qué tal? Soy Héctor Navarro Salcedo. Están cobrando un seguro que no recuerdo haber contratado y pues no, no lo quiero, lo quiero cancelar. 22.84.505.006. 06. El primer cargo fue en junio, o sea, tres meses y el cargo mensual del seguro es de 189 pesos. Chins, la nómina a plus sin nada. 22, 84, 55, 06. Que me reembolsen los tres meses. Son tres meses."
call_65a7cdefc22d,human,0,train,"Hola, buenos días. Hablo para reportar un cargo no reconocido. Mariana Solis Dobledo, 88 23 11 47 11 47. Es el 28 de agosto y es un cargo de mil, esta la tarjeta verde. Sí. No, es de 1850."
call_6756c4a91509,synthetic,1,train,"Hola buenas, oye lo que pasa es que tengo que hacer mi pago hoy pero la verdad no me va a alcanzar la lana. Quería ver si hay forma de pagar unos días después sin que me cobre en comisión de más o intereses. Rodrigo Anaya Castellanos. Ay a ver, déjame buscarlo. Es el 3-3-0-6-9-3-3-0-6-9-2-8-1. Pues la verdad se me juntaron unos gastos y ando bien corto de lana, no ha completo los 4.200 pesos que me tocan hoy. Quería ver si se puede pagar hasta el 20 de septiembre sin que me cobre en demás. Es con mi tarjeta de crédito. Según yo es de mi tarjeta, pero búscale con mi número de referencia, ¿no? El que te di de 33069281. Sí, me avisas que te sale. Sí, exacto, ese mero es. No, sería toda de mi parte. Muchas gracias por la ayuda, que tengas buen día."
call_678ee1dd2242,human,0,val,"Hola, buenas tardes. Pedí una tarjeta nueva hace dos semanas y no me ha llegado, entonces quisiera saber qué pasó. Sí, mi nombre es María Villaluz Prieto y mi nombre de referencia es 11986630. No, es 11986630. No me comentaba, no recuerdo que me hayan comentado ninguna fecha, únicamente me comentaron que me llegaría a mi domicilio. La pedí a Prox como el 19 de agosto, pues pasaba varias semanas y no me he llegado. Es no, la dirección es Callen Aranjos 214 Colonia del Valle. Es sobre la nómina plus. Si mi número de referencia es 11986630."
call_68544c09a58b,synthetic,1,train,"Sí, hola, tengo un cargo duplicado en mi estado de cuenta. Adriana Cortes Lima. 4700, guión 8193. 2600, misma descripción, misma fecha. Nominad plus 4470, guión 8193."
call_6971b2685c1d,human,0,val,"Hola, buenas tardes. Tengo un cargo que no reconozco en el tarjeta. El 28 de agosto, mi nombre es Mariana Zollisubledo y el número de referencias 88831147. No es 88831147. de 1850."
call_6afd8cabf618,synthetic,1,train,"Oye, quería preguntar por el estado de una solicitud de crédito personal que metí hace un par de semanas. No sé si ya está aprobada o si falta algo. Sí, claro, mi nombre es Daniela Ocampo Ríos y el número de referencia de cliente es 664127075. Ajá. Sí. Sí, el folio que me dieron es CR-Gion-204180. Y la solicitud la metí el 25 de agosto. No me avisaron nada más, solo eso. Y correcto, el folio es 18 y la fecha fue el 25 de agosto. No es sobre un crédito personal. El monto que solicité fue de 35 mil pesos. Ajá. Sí, claro. Perfecto. Perfecto."
call_6b0cc9c966a1,human,0,train,"Mi pago vence pronto y no me va a alcanzar para pagar. Quiero saber si puedo pagar unos días después sin que me cobren de más. 3, 06, 9, 2, 8, 1. No. 9, 2, 8, 1. 3, 3, 06, 9, 2, 8, 1. Vence el 10 de septiembre y mi pago pendiente es de 4.200 pesos. Yo solo puedo pagar. Yo podría pagar el 20 de septiembre. ¿Cree esto verde? 306-9281. Nada más, gracias. Gracias."
call_6b31fbd81fc3,synthetic,1,train,"Hola, sí, oye, metí una solicitud de crédito personal y quería saber si ya la aprobaron. Bueno, ¿si me escuchas? Gracias. Bueno, si me escuchas. Gracias. Si, mi nombre es Daniela Ocampo Ríos y la referencia es 6, 6, 41, 20, 75. Casi, pero el final es 20, 75. O sea, 6, 6, 41, 20, 75. Bueno, si la metí en línea el 25 de agosto. Solo llené el formulario y ya no fui a su cursal ni nada. ¿Sí? Corre. No, es un crédito personal normal, no es nómina ni verde. ¿Figue ahí?"
call_6b6499e4474f,synthetic,1,train,"Hola, oye, lo que pasa es que tengo un problema con un pago. El 1 de septiembre hice un pago de $2,600 pesos y me aparece dos veces en mi estado de cuenta, o sea, me lo cobraron doble. Adriana Cortés Lima y mi número de referencia es el 44708193. No, o sea, es 93 al final. 44708193. De hecho, fue desde la aplicación. Se supone que todo bien, pero luego revisen mi estado de cuenta y di que me cobraron dos veces los 2.600 pesos. 4.70. 81. 93. No sería todo de mi parte. Muchas gracias por la ayuda que tengas buen día."
call_6c8d4490f8d7,synthetic,1,val,"Gracias, buenas tardes. Mire, hablo porque tengo un pago pendiente con ustedes. Mi pago vence hoy, pero la verdad es que no me va a alcanzar para cubrirlo ahorita. Quisiera saber si puedo hacer el pago el día 20 de septiembre y si me cobrarían algo extra por ese atraso. Claro, mi nombre completo es Rodrihuan Allacastellanos. Mi número de referencia de cliente es 3036, guión 92 81. Perdón no, el número correcto es 3036, guión 92 81. puede confirmar si lo tiene así? Gracias, quedo pendiente. Mencioné que mi pago vence hoy, pero no. Así es, es sobre mi cuenta nómina plus. El pago que tengo pendiente es de 4200 pesos, es 33069281. Así lo tiene usted? No, muchas gracias, quedo atento al mensaje. Que tenga buena tarde."
call_6d88a2e95795,human,0,train,"mi pago vence pronto y no lo voy a alcanzar. Quisiera saber si puedo pagar unos días después sin que me cubren de más. Rocio, Anaya, Castellano y mi número de referencia es 33069281. No, 33069281. ¿Qué es el septiembre? ¿Cuál es el propósito que no hubo? Minimina, luz. 33, 06, 92, 81. Sí, con mi infolio. No, gracias."
call_6dfa70c50ea5,synthetic,1,train,"Hola, sí, gracias. Oye, quiero actualizar mi número de teléfono porque ya cambié y pues quiero que me sigan llegando los mentales del banco. ¿Me ayudas? Sí, claro. Si mi número de referencia es... Si 77, 12, 0, 4, 59. No es 59 al final. 77, 12, 0, 4, 59. Si mira, el número viejo ya no lo tengo desde la semana pasada porque cambié de compañía y pues ya no pude conservarlo. Ya ni siquiera tengo el chip de ese número. o sea, si me mandan algo ahí, ya no me entero. Por eso quiero que todos lo manden al nuevo. Es sobre la cuenta nominante. Lo de los mensajes y todo lo quiero en el nuevo número para el nominante. Bueno, si me escucha..."
call_6e83cb807322,human,0,train,"pues salvo mi treinta de crédito que no voy a alcanzar a pagar. Tengo ahorita que se vence el 10 de septiembre y quería ver si me poniendo unos días más. Soy Rocío Anaya Castellanos. Es 33069281. No, es 33069281. este pues eh en revistas que no han pagado eh tengo el tento pendiente pues de este mes eh por lo regular no puedo tarde nada más esta esta vez ocupada un poquito más de tiempo para poder pagarlo capaz unos eh diez días más si se puede. Sí, sí por favor para el 20 de septiembre mi crédito es 33 06 92 81. V1"
call_70101b573bb2,synthetic,1,train,"Sí, buenos días Marina. Mire, estoy llamando porque acabo de ver un cargo en mi tarjeta que no reconozco y me gustaría que lo revisaran, por favor. Es un cargo por uno. Sí, gracias. Sí, claro, mi número de referencia es 88-23-11-47. Ajá. No, disculpe, es 88-23-11-47. 8-8-2-3-1-1-4-7. Sí. si me expliqué mal. Sí, claro, el cargo es de 1.850 pesos. Fue el 28 de agosto y la verdad no reconozco la tienda, no me dice nada el nombre que aparece. Es con la tarjeta que termina en 5510, es sobre mi cuenta nómina plus. Yo no tengo ese cargo, por eso me preocupa. Ajá, sí, por supuesto. Mire, es 88, 23, 11, 47, 88, 23, 11, 47. Sí, así es, 8, 8, 2, 3, 1, 1, 4, 7. Correcto."
call_70de89818ee5,synthetic,1,train,"Hola, buenas tardes Marina. Habla Adriana Cortes Lima. Le llamo porque tengo un detalle con mi estado de cuenta. Hice un pago el 1 de septiembre por 2.600 pesos, pero me parece cargado dos veces. Pero me... Sí claro, mi número de referencia de cliente es el 4-4-7-0-8-1-9-3. No, disculpe. El último número está mal. Termina en 3 es 4, 4, 7, 0, May. 8, 1, 9, 3. Pues, mire, no había hecho ninguna aclaración antes, es la primera vez que llamo. Me di cuenta apenas hoy que revisen mi estado de cuenta. Y que el pago de 2.600 pesos que hice el 1 de septiembre aparece cobrado dos veces. Pero yo solo lo realicé una vez. Sí, es correcto. Pueblo por dos mil seiscientos pesos el primero de septiembre. De acuerdo, espero... Perdón, me podría repetir qué necesitas... ¿Qué es lo que necesita que le dicte disculpa? Sí, dígame. No... Sí, así es. Ese es mi número correcto. No, sería todo de mi parte. Muchas gracias por su ayuda. Que tenga una buena tarde. Hasta luego."
call_716d56beca2a,human,0,train,"También mi número y quiero actualizarlo para que me sigan llegando los mensajes del banco. Si, 7 7 1 2 0 4 59. No. 7 7 1 2 0 4 5 9. Ya no tengo acceso a ese número. El número anterior termina en 8 8 3 4. Si detélsel. ¿Cree esto verde? 7 7 1 2 0 4 5 9. No le di el número nuevo. 5 5 5 5 5 2 1 9 0 4 4 7 7. eran los dos cinco del principio. 5521904477. Gracias."
call_71fec5a6b017,synthetic,1,train,"Hola, buenos días. Oiga, vi un cargo en mi tarjeta que no reconozco y quisiera que lo revisen, por favor. Sí, mi nombre es Mariana Solis Robledo. El número de referencia es 8823-1147. ¿Sí, 1147? Sí, claro. Lo vi hace poco, es por 1.800. No se preocupe, dígame. Es sobre mi nómina plus. Sí, es 88, 23, guión 11, 47. 11, 47. Así es."
call_743448b8a861,synthetic,1,val,"Hola Marina, buena... Si esta bien, no hay problema. Ajá, entiendo. Si claro, te doy mis datos. Mi nombre es Rodrigo Anaya Castellanos y mi número de referencia de cliente es 3306-Gión-9281. Si necesitas algún dato más dime. Casi, solo el último dígito es 1. Es 3306-Gión-9281. Si claro, mira. Necesito saber si te lo... Ajá dime. Sí, claro. Sí, claro. Estrés, tres. Gracias Marina. Entonces, perfecto Marina."
call_74b20933dd43,human,0,val,"Hola, buen día. Voy a jugar con... Hola, Ilana Barros. Me están cobrando un seguro que no recuerdo haber contratado y pues quiero cancelarlo. Claro, se lo doy. Es 22, 8, 4, 5, 5, 0, 6. No sé, así como 3 meses el primer cargo fue en junio y fue de 189 pesos. Ajá. Sí, en junio. 2, 2, 8, 4, 5, 5, 0, 6. Unió. Voy a repetir el solito, por favor. Gracias."
call_750153d8eb40,human,0,train,"Hola, soy Dona Sardes, solicité un crédito personal y quiero saber si ya lo probaron. Soy Danielo Campos-Rios y mi número de referencia es 66412075, no es 66412075. Los soliciten línea el 25 de agosto por 35 mil pesos. No, 35. Por un 35 mil. Es algo de mi clínico. Si es 6641. 2075. Si, estén."
call_7519d635bbbb,synthetic,1,train,"Hola Marina, ¿qué tal? Oye, tengo un pago que vence hoy, pero la neta no me va a alcanzar. Si pago hasta el 20 de septiembre me cobran algo extra o se puede así. Sí, claro. Rodrigo Anaya Castellanos. Sí, es 3-3. Sí, obvio. 3-3-0-6. Guion 9-2-8-1. Ajá. Pues la neta, hasta hoy que vi el saldo, me di cuenta que no me iba a alcanzar. No tuve broncas con la cuenta, no más no me cayó un pago que esperaba y llano completo. Si, justo hoy 10 de septiembre es del crédito verde. Si, seguro. Es 306-9281. Si, así es."
call_7601ac7d4fbf,synthetic,1,train,"Hola Marina, ¿qué tal? Oye, mira, te llamo porque estoy un poco confundida, la verdad. Resulta que el 1 de septiembre hice un pago de $2,600 pesos y ya lo vi en mi estado de cuenta, pero el problema es que aparece dos veces, como si me lo hubieran cobrado doble. Entonces pues quiero ver qué onda, porque claramente solo lo hice una vez y pues no quiero pagar el doble, ¿no? Sí, claro, mi número de referencia es 4470-Gion81-93. Oye, no, perdón, creo que te lo dije bien al principio, pero lo repetiste diferente. es 4470 Guion 81 93, no 92. Sí, exacto, fue el primero de septiembre y el monto es $2,600 pesos. Lo hice con transferencia, desde la app, porque casi nunca uso tarjeta para eso. Es sobre mi cuenta NominA Plus, ahí es donde hago todos esos movimientos. Ajá. Sí, claro, es 4470 Guion 81 93."
call_76856257e3ef,synthetic,1,train,"Buenas tardes Marina. Soy Javier Peñal-Drete. Quisiera saber cuánto debo en mi tarjeta y para cuándo tengo que hacer el pago por favor. Mi número de cliente es 9 0 5 7 guión 3 8 1 2. Y disculpe es 9 0 5 7 guión 3 8 1 2 y la tarjeta termina en 2 2 4 6. De nada Marina. Sí por favor dígame. Sí, gracias. No más quiero saber cuánto debo y para cuándo tengo que pagar. Por favor, gracias por su ayuda Marina. Quieren a buen día."
call_7744ab92baa3,human,0,train,"Hola, cambié mi número y quiero actualizarlo para que me actualizan todas las cosas, mi nuevo número. Mi nombre es Luis Ferrer Montaño. 7, ok. 7, 7, 12, 0, 4, 5, 9. No. 7, 7, 12, no, yo te lo repito. 7 7 12 0 4 5 9 ya no tengo acceso ya no tengo acceso a mi número pasado no no sé qué más no te he notado mi número nuevo ni mi número anterior 5 5 a ver perame 5 5 2 1 9 0 4 4 7 7"
call_794031bf2233,synthetic,1,train,de la ciudad de San Diego.
call_7a250598cb8b,synthetic,1,train,"Hola Marina, ¿qué tal? Oye, estoy marcando porque me están cobrando un seguro que la neta no recuerdo haber contratado y quiero cancelarlo. El cargo es de 189 pesos al mes. Y lo empecé a notar desde junio, ya van como tres meses así. ¿Me puedes ayudar con eso? Sí, claro. Hector, nada. Sí, ahí va. 2284-5506. No, no, es 2284-5506. Pues la verdad no recuerdo haber recibido ninguna llamada ni correo ni nada antes de que empezaran los cobros. Solo me di cuenta porque cheque mi estado de cuenta y vi el cargo de 189 pesos pero nunca firmenia excepte nada. Me empezó a aparecer desde junio y ya van tres veces que lo veo. Es sobre mi cuenta Nomina Plus. El cargo me aparece directo ahí cada mes. Ajá. Sí, claro. Va, ahí te va. 2, 2, 8, 4... 2, 2, 8, 4, 5, 5, 0, 6. Sí, así es. No, con eso está perfecto. Gracias, buen día."
call_7a345e2b0f37,synthetic,1,train,"Hola, oye, hice un pago y me salió dos veces en el estado de cuenta. Fue por $2,600 pesos el 1 de septiembre. ¿Me ayuda? Sí, es Adriana Cortes Lima. El número de referencia es 4470-Gión 8193. No, es 4470-Gión 8193. El último es 3. Sí, mira, solo hice un pago y cuando vi mi estado de cuenta me apareció dos veces el mismo cobro, igualito el mismo día y todo. No he hecho ningún trámite, solo vi que estaba duplicado. sobre mi cuenta nomina plus. Ajá. Si es 447-0-GUION-8193. No, gracias. Hasta luego."
call_7ae75e4aa32f,synthetic,1,train,"Buenas tardes señorita Marina. Mire le llamo porque he estado notando un cargo en mi cuenta de un seguro que yo no recuerdo haber contratado y quisiera ver si me puede ayudar a cancelarlo por favor. Sí claro que sí señorita. Mi nombre es Héctor Navarro Salcedo. Sí claro que sí permítame un segundito para buscarlo. de la ciencia. A ver, aquí lo tengo anotado. Disculpe, si disculpe, es veintidós ochenta y cuatro cincuenta y cinco cero seis. Ah, disculpe señorita, te me parece que el último número es cero seis, no cero siete. Sería veintidós ochenta y cuatro cincuenta y cinco cero seis. Sí, mire señorita, el cargo es de ciento ochenta y nueve pesos. Eh, lo empecé a anotar hace como tres meses, Pues mire señorita, no sabría decirle con exactitud el nombre, pero es en mi cuenta de débito donde me hacen el cargo mensual. Sí, gracias señorita. Espero. ¿Qué le confirme? Disculpe señorita, ¿qué es lo que necesita que le confirme? Sí como no señorita. Es el 2284-5506. No señorita, eso sería todo de mi parte. Le agradezco mucho por su amable atención y que tenga una muy buena tarde."
call_7b14e69a57bd,synthetic,1,train,"Bueno, si me escuchas, sigue ahí."
call_7b1e73c133f8,synthetic,1,val,"Hola, oye, solo quiero checar cuánto debo ahorita y para cuándo tengo que pagar. Sí, claro, Javier Peñal-Drete. Mi número de referencia es 9-05-7-38-12. No, es 38-12-9-05-7-38-12. Sobre la tarjeta, la que termina en 22-46. Ajá, adelante. Sí, claro, 9-05-7-38-12. Sí, así está bien."
call_7d4f3b80384e,synthetic,1,train,"Hola Marina, estoy llamando porque pedí una tarjeta nueva hace dos semanas y no ha llegado. ¿Quiero saber qué pasó? Porque ya se tardó mucho. Sí, claro, mi nombre es Ernesto Villalobos Prieto. El número de referencia es 11986630. No, está incorrecto. Es 11986630. O sea, 11986630. No, no me dieron ningún número de guía. Sólo me dijeron que me avisaban cuando saliera la tarjeta, pero nunca me llamaron ni me mandaron nada. Es sobre mi cuenta nómina plus. La tarjeta la pedí para esa cuenta. Sí, claro, es 11.986630, repito, 11.986630. No, con eso está bien. Muchas gracias. No, con eso está bien. Muchas gracias. Buen día."
call_7d5b26105bb5,synthetic,1,train,"Hola, oye si, mira me apareció un pago duplicado en mi estado de cuenta. Fue un pago de $2,600 pesos, lo hice el primero de septiembre pero está dos veces. ¿Me puedes ayudar con eso? Nombres Adriana Cortes Lima. El número de referencia es 447183. No, es 44708193. Pues nada más vi el cargo dos veces en el estado de cuenta. No he hablado con el comercio ni nada, solo me di cuenta ahorita que chequeé y pues me aparecieron dos del mismo monto. Ajá, sí, adelante. No, es 44, 70, 81, 93."
call_7f82debeb19b,human,0,train,"con Daniela Ocampo Rios. Lo que se es que quiero saber metí la solicitud para un crédito personal y quiero saber si está aprobado. Claro, 66, 41, 20, 75. No, es 66, 41, 20, 75. 5 de agosto fue en la su cursal y ya, sí, la nómina plus, 66, 41, 20, 75."
call_802282383eb2,synthetic,1,train,"Hola mira, mi pago vence pronto y no me va a alcanzar. Quería saber si puedo pagarlo unos días después sin que me cobre en extra. Sí, soy Rodrigo Anaya Castellanos. Mi número de referencia es 3306-Gión-9281. Sí, correcto. Claro, el pago vence el 10 de septiembre y quiero hacer el pago el 20 de septiembre. Son 4200 pesos. Es con mi tarjeta. Es sobre mi crédito verde. ¿Me puedes decir si puedo pagar el 20 sin que me cobre en claro es 3-3-0-6, guion 9-2-8-1"
call_810c24005ecc,synthetic,1,val,"Hola Marina, ¿qué tal? Oye, mira, nomás quería saber cuánto debo ahorita y para cuándo tengo que pagar. Sí, claro, mi nombre es Javier Peña Aldrete y mi número de referencia es 9 0 5 7 38 12. Ajá. De la tarjeta porfa, solo quiero saber cuánto me toca pagar y para cuándo. De la terminación 22 46. Sí, es la única que tengo con ustedes, nomás esa. No, es de la tarjeta, no denomina ni del crédito. Sólo quiero saber el saldo y para cuándo tengo que pagar de la tarjeta, la de 22.46. Sí, dime. Con eso está bien. Gracias que tengas buen día."
call_810e3066a7b4,synthetic,1,val,"Buenas tardes. Sí, mire, le hablo porque me aparece un pago duplicado en mi estado de cuenta. Fue uno de $2.600 pesos el día 1 de septiembre. Sí, claro. Sí, Adriana. Sí, claro. Sí, es $44.70.81.93. No, es $93 al final. $81.93. Ajá. Sí, fue por $2.600 pesos el 1 de septiembre, pero me lo cobraron doble. Me aparece dos veces en el estado de cuenta. Sí, 44, 70, 81, 93. Sí, correcto."
call_81b12145be34,synthetic,1,train,"Hola Marina, ¿Qué tal? Oye, el rapidísimo, no más quiero saber cuánto debo ahorita y para cuando tengo que pagar porfa Si, es 9.057.3812 Ajá Si, así es Va, gracias No, ya es las dos cosas porfa El monto y la... No pasa nada, dime Mande Sale, gracias Si, que... Si, va, 9.057 9.057 7. 381. 7. 381. 2. No es 9. 05. 7. 382. O sea, 9. 05. 7. 381. 2. No todo bien, muchas gracias. Que estés bien, bye."
call_81b98c77cf99,human,0,train,"Sí, gracias, me gustaría saber cuánto debo en mi tarjeta y para cuándo tengo que pagarlo. Hombre completo es Javier Peña Aldrete y mi número de referencia es 90573812. No, faltó un dito. Sí, ahí va. Es 90573812. 2. Si, así está correcto y como ya te había comentado quiero saber cuánto debo y para cuando lo tengo que pagar. Y termina con los dígitos 2, 2, 4, 6. No tengo ese dato. 9, 0, 5, 7, 3, 8, 1, 2. Ya sería todo. Muchas gracias."
call_850d796d23a7,synthetic,1,train,"Hola, oye, es que me salió un cargo duplicado en mi estado de cuenta. Hice un pago de $2,600 pesos el 1 de septiembre y me lo pusieron dos veces. ¿Puedes checar eso porfa? Sí, es Adriana Cortes Lima. Mi número de referencia es 44708193. No, la última es un 3, no un 4. Es 44708193. Ajá. Sí, fue el 1 de septiembre, $2,600 pesos. Me di cuenta porque revise mi app y vi el mismo pago dos veces, pero no he hablado con nadie más. Es la primera vez que marco. Ajá. Sí, es 4. Claro, es 4470, 8193. Ajá, me repite. No escuché bien."
call_8570ae0e7d61,synthetic,1,train,"Hola Marina ¿Qué tal? Mira te cuento rapidísimo. Buenas tardes. Sí mira, pedí una tarjeta nueva el 19 de agosto y todavía no me llega a mi casa. Quiero ver si me puedes decir qué pasó o si hay algún detalle con el envío porque ya se tardó algo. Sí claro, mi nombre es Ernesto Villalobos Prieto y mi número de referencia es 11 98 66 30. 11.98.66.30. O sea, 11.98.66.30. ¿Si lo tienes así? Sí, claro. La pedí por teléfono, justo llamé aquí al banco y me dijeron que me la iban a mandar a mi domicilio, que es Calle en Aranjos 2.14, en la Colonia del Valle. Me dijeron que en máximo 10 días llegaba y pues ya han pasado como 15 o 16 días y nada más no me ha llegado nada, ni mensaje, ni llamada, ni correo, ni nada. Sí, justo del 19 de agosto y la dirección es Calle Naranjos, 214 Colonia del Valle. Así lo tengo. Es sobre mi cuenta nómina plus. La otra ni la he movido solo la nómina. Sí, como no. Es 11, 98, 66, 30. Te lo repito. 11, 9, 8, 6, 6, 3, 0. Ajá. No, con eso está bien. Muchas gracias que tengas buen día."
call_8834a90f11cd,human,0,train,"Me están cubrando un seguro que ni siquiera recuerdo haber contratado, entonces quiero cancelarlo. Sí, mire, soy Hilda Navarro Salcedo y mi número de referencia es el 2284-5506. 2284-5506. Pues mire, el primer cargo me parece que fue en junio, o sea, sí, lo noté, pero lo noté hace tres meses. Y cuenta nómina plus. Mi número de... si, es el 2284-5506. Nada, gracias."
call_8893de2fe204,synthetic,1,train,"Hola Marina, oye pues te llamo porque acabo de ver un cargo raro en mi tarjeta y la neta no lo reconozco. Es de 1850 pesos, fue el 28 de agosto y aparece en una tienda que ni conozco, o sea, cero idea de que es eso. ¿Me puedes ayudar a revisarlo porfa? Mi tarjeta termina en 5510. Claro, mi nombre completo es Mariana Solis Robledo y mi número de referencia es 8823-Gión 1147. No, no, es 88, 23, guión 1147. O sea, 8, 8, 23, guión 1147. No es 5, 7, es 4, 7 al final. Creo que vi raro todo lo demás si es mío, pero es en idea. Ese día estaba en mi casa, literal ni salí, y sí tenía la tarjeta conmigo. O sea, no se la presté a nadie ni nada. Por eso me saqué de onda, porque yo no compré nada ese día, menos por ese monto, y la tienda ni me suena. Yo era el 28 de agosto. Y es de mi cuenta nómina, la normal, no tengo crédito verde ni nada de eso. Es la tarjeta donde me depositan. Es 8823, guión 1147, o sea, 8823, guión 1147."
call_88cd54e1e505,synthetic,1,train,"Hola buenas tardes Marina. Mire, hablo porque me están cobrando un seguro que yo no recuerdo haber contratado y la verdad es que quisiera cancelarlo cuanto antes. Sí claro, mi nombre es Hector Navarro Salcedo y mi número de referencia es el 22, 84. 55, 06. Sí, de nada. Sí, lo veo reflejado en mi cuenta. Es un cargo mensual de 189 pesos que me di cuenta que está desde el mes de junio. Es en mi cuenta de débito la normal de siempre. la verdad no estoy muy seguro de si se llama nómina plus pero ahí es donde me hacen el descuento si es correcto ese es mi número de referencia"
call_88d7858b7921,synthetic,1,train,"Hola Marina, si gracias. Mira, hace dos semanas pedí una tarjeta nueva y no ha llegado. Me dijeron que según esto ya tenía que estar aquí. Y pues nada, sigo esperando. ¿Me puedes decir que pasó? O si se atoró en algún lado. Porque ya se tardó muchísimo. Si claro, mi nombre es Ernesto Villalobos Prieto y el número de referencia es 11986630. No, no es 11986630. No lleva uno al final, solo termina en 30. Si mira cuando la pedí me dijeron que me la mandaban a mi casa acá hay en aranjos 214, Colonia del Valle y que máximo en 10 días habiles ya iba a estar aquí y pues desde entonces nada ni me han dado ninguna guía ni tampoco me ha hablado nadie ni nada no me dijeron que fuera a su cursal supuestamente si era enviado a misilio por eso marcaba porque ya pasaron las dos semanas y ni rastro Ajá dime no hay b*** sí dime No con eso está bien gracias Que tengas buen día"
call_893d552b156a,human,0,train,"Buenas tardes Marina. Hablo para cancelar un seguro que yo no contraté. Claro que sí. Su servidora es Hilda Navarro Salcero y el número de Hilda y el 22845506. No, este equivocado es el 22845506. Lo noté en mi estado de cuenta que ya son tres meses que me están cobrando el seguro pero nunca lo he contratado. No, es el mismo momento, son 180 pesos sobre mi crédito verde. Claro que sí, es el 22845506. Nada más muy amable por su atención. Gracias."
call_8a3996f823e4,human,0,train,"Hola, buenos días Marina. Fíjate que hablo porque tengo un cargo en mi tarjeta que no reconozco. Mira, soy Mariana Solid Robledo y mi número de reserencia es 8823-Gión 1147. No, no, es 8823-Gión 1147. Mira, el cargo lo apareció, está cargada la cantidad del 28 de agosto y es por 1850 pesos y es una tienda que yo no reconozco porque yo ese día andaba de viaje y no, pues no, no usé la tarjeta en esa tienda. Así, sí, así es, sí, así es. No, nada más sería todo. Gracias."
call_8a570a10920b,synthetic,1,train,"Hola Marina, buenas tardes. Oye, fíjate que estaba revisando mi aplicación y vi un cargo que de plano yo no hice. Entonces quería ver si me pueden ayudar a revisar qué onda con eso porque la verdad sí me urge. Sí, claro. Mi nombre es Mariana Solir Robledo y mi número de referencia de cliente es el POU 8 8 2 3 1 1 4 7. Sí, 1 1 4 7. Al final, o sea, es 8 8 2 3 1 1 4 7. No, 5 7. Pou 1 850 pesos y fue el 28 de agosto. O sea, ya tiene unos días, pero de verdad que con las prisas de mi trabajo y todo, no había tenido tiempo de revisar bien mi aplicación hasta ahorita. Y pues aparece ahí el nombre de una tienda que de plano yo nunca he visto y no reconozco para nada. La que termina en 5510. No sé bien si sea de esas cuentas que dices, pero es de esa tarjeta. ¿Qué quieres que te confirme? ¿Me decías algo de mi número? Es que se cortó un poquito. ¿Solo para qué? Perdón, es que como que se corta la llave. A ver, dime, ¿qué necesitas que te confirme? Te voy a decir, a ver, te escucho, tú dime qué dato necesitas. Qué dato necesitas."
call_8a61615c9927,human,0,train,"Hola, buenas tardes, soy Mario Solís. Es que tengo un cargo que no reconozco en mi tarjeta. Claro. Claro, sí. 8, 8, 2, 3, 1, 1, 4, 7. No. 8, 8, 2, 3, 1, 1, 4, 7. Sale que es del 28 de agosto por un monto de 1850 pesos. Sí, el verde. Como más que el de los que son, pues tienen que decirle a los que... ¿Te los tengo que dictar yo? 8 8 2 3 1 1 4 7. Sí, correcto. No, sería todo."
call_8a9391c1823b,human,0,train,"Hola, buenos días. Me están cobrando un seguro que no recuerdo haber contratado y quiero cancelar. Y dan a Barrosa o el cedo. Sí, sí lo tengo. Es 22, 84, 55, 06. no, no es 22 84 55 0 6 por mi tarjeta el crédito verde y lo noté hace tres meses el primer cargo fue en junio 22 84 55 0 6 si el cargo son de 189 pesos nada más que Mi nombre es Hilda. Hilda."
call_8ade6f74aa33,synthetic,1,train,"Sí, está bien. Sólo quiero saber qué pasó con mi solicitud de crédito. Lo metí el 25 de agosto. Fue por 35,000 pesos. ¿Ya hay respuesta? Sí, claro. Daniela Ocampo Ríos. El número de referencia es 6461, 2075. 6461, 2075. 75 al final. Es la primera vez que meto solicitud. Y no, después del 25, no me ha llegado nada, ni correo ni mensaje. No, es sobre el crédito personal el que metí por 35 mil pesos. Si es 6641275. Sí, así es. No, con eso está bien. Gracias. Adiós."
call_8ae3fce602f3,synthetic,1,train,"Hola, oye, es que hoy vence mi pago y la verdad no me va a alcanzar. Quería ver si puedo pagar unos días después sin que me cobre en demás. Sí, claro. Soy Rodrigo Anaya Castellanos. A ver, déjame ver, es el 33-06-92-81. No es 81, al final es 1. Ay, no sé, la verdad, es donde debo 4.200 pesos que vencen hoy. ¿Cuál de las 12 es? Ah, gracias. A ver, te lo digo en pares que es más fácil, 33-06-92-81. Sí, justo."
call_8c2ebe3761bb,synthetic,1,train,"Hola Marina, sí, gracias. Oye, cambié de número de celular y quiero actualizarlo porque ya no tengo acceso al anterior y ya no me están llegando los mensajes del banco. ¿Me ayudas con eso? Sí, mira, mi nombre es Lucía Ferrer Montaño y mi número de referencia de clientes 770459. Casi es 71712-0459. El último pare 599. Ajá. ¡Uf! Como desde el fin de semana pasado. fue el sábado entonces pues ya van varios días que de plano no tengo acceso con mi cuenta cambié de número y pues ya ni me llegan los avisos de nada ni movimientos ni nada si mire 77712 guión 0459 así tal cual no con eso está bien muchas gracias marina que tenga buena tarde"
call_8c6b33721067,synthetic,1,train,"Hola Marina, oye te llamo porque acabo de ver un cargo en mi tarjeta que no reconozco para nada. Es por $1850 pesos, el 28 de agosto, y según esto fue en una tienda que ni conozco. Quisiera que me ayuden a revisarlo por favor. Mi tarjeta termina en $55.10. Sí, claro, mi número de referencia es $88.23.11.47. Ajá, no te corrijo, mi número de referencia es 88, 23, 11, 47, o sea, 8, 8, 2, 3, 1, 1, 4, 7. Sí, claro, mirad, yo estaba revisando mis movimientos hoy en la noche porque tenía que hacer unas transferencias y ahí fue cuando vi ese cargo. No tengo idea de qué tienda sea, ni me suena el nombre y de plano ese día, el 28 de agosto, yo ni siquiera salí de casa. me había pasado algo así. Es la primera vez que veo un movimiento raro en mi tarjeta. Por eso me saqué de onda y preferí llamar de una vez para que lo revisen. Sí. Sí, claro, 888-231147. No, con eso está perfecto. Muchas gracias que tenga buena noche. Hasta luego."
call_8cafd2754e55,synthetic,1,val,"Hola Marina, si mire le llamo porque pedí una tarjeta nueva hace dos semanas y no me ha llegado Quisiera saber si hay algún problema o cuando la podría recibir Claro, mi nombre es Ernesto Villalobos Prieto, el número de referencia se lo doy, es 11.98 66.30 Ajá, no es 11.98.66.30 Sí, claro pedí la tarjeta del 19 de agosto, directamente en su cursal ahí en Del Río Me dijeron que me la iban a mandar a mi domicilio, acá hay en Aranjos, 2.14 en Colonia del Valle. No me dieron guía ni nada, solo que llegaría en unos días. Desde entonces no he recibido aviso ni la tarjeta. Sí, es la misma dirección que tengo registrada en mi identificación. No la he cambiado, todo está igual. Es sobre mi cuenta nómina plus. La tarjeta que pedí es la de esa cuenta. Ajá. Sí, claro, es 11.98.66.30. Así es, correcto. No, con eso está bien. Muchas gracias, que tenga buena tarde."
call_8d3ea77f4bb4,synthetic,1,train,"buenas tardes. Mire, lo que pasa es que hoy vence mi pago y no me va a alcanzar. Quería ver si puedo pagar unos días después sin que me cobren de más. Sí, claro, mi nombre es Rodrigo Anaya Castellanos. Es sobre mi pago que vence hoy. Sí, con gusto. ¿Es 330629281? Disculpe, es 8 1 al final 3 3 0 6 9 2 8 1 si nada si si es correcto no muchas gracias eso sería todo de mi parte que tenga una buena tarde hasta luego"
call_8d6cd93e02b8,human,0,train,"Miren señorita, quiero ver cómo va mi solicitud de un crédito que pegué. Quiero saber si me la probaron o no. Es decir, claro, es la 66412075. No, es la 66412075. Si es la 66412075. Fue en sucursar el 25 de agosto. Es mi cuenta Númena Plus. Señorita, se le doy muchas veces. Es el 66, 41, 20, 75."
call_8d75a71e6126,synthetic,1,val,"Buenas tardes, Mariano. Entiendo, gracias. Estoy llamando para preguntar por una tarjeta que pedí el 19 de agosto. No ha llegado a mi dirección que es Calle Naranjos 214 Colonia del Valle. ¿Podría ayudarme a verificar qué pasó? Mi nombre es Ernesto Villalobos Prieto y mi número de referencia de cliente es 1198-Gión 6630. Si, es correcto. 1198 Guion 6630. Podría decir... Es sobre mi cuenta nómina plus. Pedí la tarjeta nueva porque la anterior se me perdió. Podría decirme si la tarjeta fue enviada a la... Claro, la dirección para el envío es Calle Naranjos 214 Colonia del Valle. Con gusto, es 1198 Guion 6630. Muchas gracias por su ayuda. No necesito nada más por ahora. Que tenga buen día."
call_8da8b9947630,human,0,val,"Hola, lo que pasa es que cambié el número y necesito actualizarlo para que me siguen llegando los mensajes del banco. Lucia, Lucia Ferrer Montaño, 7720459, no, 0459. No, necesito que registres el nuevo número y que me piden llegar los mensajes al nuevo número. el crédito verde 7 7 1 2 0 4 5 9 quien no te ha dado el nuevo número 51 21 90 44 77"
call_8e6c9fa78a21,synthetic,1,train,"Hola Marina buenas noches. Oye hace dos semanas pedí una tarjeta nueva y no me ha llegado. Quería saber si me podrías decir qué pasó porque ya se tardó mucho. Sí claro mi nombre es Ernesto Villalobos Prieto. El número de referencia es 1198 Guión 6630. Perfecto. Sí pedí la tarjeta. Sí justo eso. La pedí hace dos semanas y hasta ahorita no tengo noticias por eso Marco. Quiero saber si hubo algún problema o cuando me la van a entregar. Ajá. Sí, claro, es 1-1-9-8-guion-6-6-3-0. ¿Correcto? No, solo eso. Muchas gracias que tenga buena noche."
call_8ed994ce484f,synthetic,1,train,"Si perfecto no hay problema. Mira justo te llamo porque tengo que hacer un pago de 4200 pesos y hoy es el último día pero no me va a alcanzar hasta el 20 de septiembre. Quiero saber si puedo pagar ese día sin que me cobre en recargos o intereses por esos 10 días extra. Si claro, mi nombre es Rodrigo Anaya Castellanos. Si, lo tengo. Estres, tres, cero, seis, guion, nueve, dos, ocho, uno. No, el último es uno. Estres, tres, cero, seis, guion, nueve, dos, ocho, uno. Si mira es la primera vez que pido esto nunca me había atrasado el pago es de mi tarjeta de crédito de aquí del banco es el pago para no generar intereses pero este mes la verdad se me juntó todo y hasta el 20 me cae el dinero es de la tarjeta de crédito la normal no es la nómina plus ni el crédito verde es la de crédito que siempre uso si estrés 306 guión 9281"
call_8ee1e10130a2,synthetic,1,train,"Hola, sí, oye, llamó porque hice un pago y me lo cobraron dos veces. Fue de $2,600 pesos, lo hice el primero de septiembre y en mi estado de cuenta aparece duplicado. Sí, claro, mi nombre es Adriana Cortes Lima. El número de referencia es 44708193. Ajá, te pasó algún otro dato o fue con mi tarjeta en línea. Era para pagar el internet de mi casa. Lo hice por la página de la compañía y sí, me descontaron dos veces el mismo monto. ¿Es de mi cuenta nómina plus? Sí, exacto, todo fue desde mi nómina. Sí, va de nuevo. 44, 70, 81, 93. Sí, así es. Ok, gracias. Listo, gracias. Bye."
call_8f8e2145bc91,synthetic,1,train,"Hola Marina, estoy llamando porque en mi estado de cuenta vi que se duplicó, lo que hice. Fue un pago de $2,600 pesos el 1 de septiembre y aparece dos veces como si lo hubieran cobrado doble. Quiero saber qué procede para que me lo aclaren, por favor. Sí, claro, mi nombre es Adriana Cortes Lima y mi número de referencia de cliente es 44708193. No, el último par es 93, no 92. 44 70 81 93. No se... Así es. El pago fue el primer. Es 44 70 81 93. No, con eso está bien. Muchas gracias. Buenas tardes."
call_9083846f078a,synthetic,1,train,"Hola Marín, buenas noches. Mire, le llamo porque tengo un pago pendiente con ustedes, vencé el 10 de septiembre, pero la verdad no me va a alcanzar para pagarlo ahorita. Quisiera saber si hay forma de pagar unos días después, yo podría liquidar el 20 de septiembre, pero quiero saber si me van a cobrar algún recargo o qué opciones tengo. Sí, claro, mi número de referencia es 3306-9281. Se lo repito, me pago pendiente de 4200 pesos y vencé el 10 de septiembre. yo quisiera pagarlo el día 20 si es posible y saber si eso me va a generar algún cargo extra perdón no la claro mi número de referencia es 3 3 0 6 guión 9 2 8 1 el último dígito es 1 no 0 si claro no así es es la primera vez que necesito aplazar el pago nunca antes había tenido retraso con ustedes ajele escucho si dígame no con eso está perfecto muchas gracias por su ayuda que tenga Buenas noches."
call_91a25cd95998,synthetic,1,train,"Hola, sí, cambié el número de celular y quiero actualizarlo porque ya no me llegan los mensajes del banco ni los códigos. Ajá, sí, Lucia Ferrer Montaño. Mi número de cliente es 77712-1459. Sí, así es. Sí, mira, pues cambié de... Desde hace como una semana ya no me llegan, justo porque cambié el número que terminaba en 8834. El nuevo es 5521904477. es por la nómina, solo ahí me llegaban los avisos y todo. Ajá. Si 7-7-2 seguían 0-4-59. Sí, está bien así. Uy, ya no tengo acción. Ok, ni modo, entonces voy ahí. Ajá, no te preocupes."
call_924e8a27e4de,human,0,train,"quiero cambiar mi número de teléfono para seguir recibiendo los estados de cuenta Luis Ferrer Montaño 7 7 1 2 0 4 5 9 no 7 7 1 2 0 4 5 9 ya no ya no tengo acceso a ese número no no tengo idea 7 7 1 2 0 4 5 9. Si, nada mas gracias."
call_925ba94f05a4,synthetic,1,val,"Bueno días soy Adriana Cortes Lima, llamo porque hice un pago de 2.600 pesos el primero de septiembre y en mi estado de cuenta aparece dos veces ese mismo cargo. Necesito que lo revisen y me confirmen cómo se corrige. 447-0-Gión 8193. ¿Sigue ahí? Bueno, bueno, ¿sigue ahí? Sí, ese es el número correcto. El cobro, lo vi en la app del banco. El mismo cargo de 2.600 pesos aparece dos veces el mismo día, el 1º de septiembre. No recibí ningún aviso, solo lo noté al revisar mi estado de cuenta en la aplicación. Aparece como pago en línea con el mismo concepto y el mismo monto de 2.600 pesos. Sigue ahí. Mi número de contacto. Sí, el movimiento corresponde a mi cuenta nómina. Mi número de contacto es 87148303300. Sí, está bien. Mi número de contacto es 8714830300. No. No."
call_927c1f5f2007,synthetic,1,train,"Hola Marina, ¿qué tal? Oye, mira te marco porque desde hace como tres meses me está llegando un cargo de 189 pesos por un seguro que la neta no recuerdo haber contratado. El primer cobro fue en junio y ya van tres meses igualitos, entonces pues quiero saber qué onda y cancelarlo porque yo no pedí nada de eso. Y claro, mi nombre es Héctor Navarro Salcedo y mi número de referencia es 2284-Gión-5506. es 2284 guión 5506 06 al final no 7 va perfecto si si justo asi el primer cargo fue en junio y desde ahi cada mes me llega el cobro de 189 pesos el ultimo fue este septiembre si yo la verdad no recuerdo haber aceptado o firmado nada de ese seguro por eso me saque de onda cuando lo vi es sobre la cuenta nomina plus, ahi es donde me estan llegando los cargos Si, claro, es 2284 Guion 5506. Si, así está bien."
call_9491f635b944,synthetic,1,train,"Quiero saber cuánto debo y para cuándo tengo que pagar. Javier Peñaldrete, 9057-Gión 3812. Quiero saber el saldo actual y la fecha límite de pago para este mes y para el siguiente. Con la tarjeta? 922469057-Gión 3812."
call_94a8c8502249,human,0,train,"¿Qué? Sí, buenas tardes. Este es el que quiero cambiar mi número. No tengo entonces. Quiero que me aparezca. OK. Sí, permíteme. Es Lucia Ferrer Montaño. Claro. Sí, sí. Es un 77. 77, 12. 04, 59. No, está equivocado. Lo repito. Gracias. 7712, 04, 59. ¿Es que lo cambié? ¿Cambié el teléfono? Entonces ya no tengo acceso a ese número. Voy a intercambiarlo. No, es 8834. ¿Un nómina plus? Claro que sí. 7712, 04, 59. Correcto."
call_957a8384caff,synthetic,1,val,"Hola, buenas tardes. Mire, estoy llamando porque hice un pago el 1 de septiembre por $2,600 pesos y ahora que revise mi estado de cuenta veo que el cobro aparece duplicado. Quisiera saber qué procede o cómo me pueden ayudar a corregirlo. Sí, claro, mi nombre es Adriana Cortés Lima. El número de referencia de cliente es 4470-Gión-8193. Pago en línea desde la banca por internet del banco. Yo hice la operación una sola vez, el 1 de septiembre, y ya después cuando revisé el estado de cuenta, vi que en los movimientos estaba el cargo de 2.600 pesos dos veces, con la misma fecha. Por eso me llamó la atención y por eso estoy marcando, porque solo hice un pago y me aparece duplicado. ¿Es el digital el que descargo directamente de la banca en línea? Ahí fue donde vi los dos cargos el mismo día. Sí, de nada. ¿Es sobre la cuenta nómina plus? El pago lo hice desde ahí. Sí, claro, es 470-Guion 8193. 8193."
call_95ccefc6e4ce,human,0,val,"Sí, buenas tardes Marina, fíjate que estoy llamando porque revisé mi estado de cuenta y estoy viendo un cobro de un seguro que no recuerdo haber contratado y necesito cancelar. Sí, sí, Hilda Navarro Salcedo. Sí, claro, es 2284-5506. No, es 06 al final. a mí lo acabo de notar pero bueno ya cuando lo vi que me lo han estado cobrando de hace tres meses el primero fue en junio y fue por 189 pesos. Si, si esa es la información. En el cuento denomina si es 2284-5506. Si es correcto. Disculpa, disculpa. Si quiere preguntarte algo. Si no, quieres saber si, bueno, este reporte es para cancelar esos cargos, pero también queda cancelado el seguro. ¿Qué es lo que más me interesa cancelar? No, creo que será todo. Muchísimas gracias Marina."
call_9741efdd34af,human,0,train,"me dijeron que me iba a llevar a cenar la semana y no me ha llevado. Claro, soy María Villalobos Tieto y mi número de referencia es el 11.986630. No, el último dijo, Víjito es cero, no un... Y me iba a llevar a Calle Naranjo 214 en la del Valle y era una tarjeta nueva. Sobre mi crédito verde. Si es el 11.986630. Si es correcto. No, es todo gracias."
call_97701e543c60,synthetic,1,train,"Hola buenas tardes, pedí una tarjeta nueva hace dos semanas y no me ha llegado. Quiero saber que pasó. Sí, es 11.986630. Bueno, bueno, sí, así está bien. No solo me dijeron que la enviaban a mi casa, no me dieron guía ni nada. La pedí el 19 de agosto y desde entonces no he tenido noticias. Es de la nómina, de nómina plus. Sí, grimo. Bueno bueno, sigue ahí. Ajá. No gracias, que tenga buena tarde."
call_989dad5aa1af,human,0,train,"Buenas tardes señorita Marina. Quiero saber cuando tengo que pagar y cuál es mi importe de pago para este mes la tarjeta de crédito. Claro que sí, mi nombre es Javier Apeña Andrete. Claro es el 90 57 3812. Está mal, el último número es 2. No quiero saber cuándo tengo que pagar y cuánto. No, para este mes de septiembre, quería tengo que pagar cuál es mi fecha última de pago y cuál es el monto a pagar. No, nada más, muchas gracias."
call_9a3d5b0a64a3,human,0,val,"Sí, este, buenas tardes Marina. Estoy llamando porque hice una solicitud de crédito y estoy llamando para preguntarse si ya se aprobó. Sí, sí, claro, es Daniela Ocampo Ríos y y la referencia es 66641, guión 275. No, es 6641, guión 275. Y mira, fue por medio de la app y fue, no recuerdo si fue el 24 o el 25 de agosto. sobre crédito verde. Sí, mira, es 6641-275. ¿Puedes que ya pasaron más de los días que tú me estás mencionando? Porque la metí el 25, ¿no? Y ya estamos a... ¿Qué día de septiembre? Estamos ya 8 de septiembre. Se supondría que ya tendría que saber, ¿no? No, sería todo únicamente si me pudieras recomendar, si no tengo ninguna información de ustedes, queríame recomiendase comunicarme. Gracias, hasta luego. Igualmente."
call_9bb847dfc83e,human,0,val,"¿Quién pedí una tarjeta nueva hace dos semanas y no ha llegado? Quiero saber qué pasó. Sí, es María Villalobos Prieto. Sí, 11.986630. No, 11.986630. La pedí el 10.5 costo, ya estamos a 10 de septiembre y no ha llegado. Desde la AP, nomina Plus. Y es correcto. Muchas gracias."
call_9c2dbbd1fe2e,synthetic,1,train,"Hola Marina, mira tengo un pago que vence hoy 10 de septiembre pero no me va a alcanzar para pagarlo hoy. Quiero saber si puedo pagarlo hasta el 20 de septiembre sin que me cobren extra. Sí, claro. Rodrigo Anaya Castellanos. El número de referencia es 3306-9281. No, es 3306-9281. El último es 1. Es un pago de tarjeta de crédito. Son 4200 pesos vence hoy 10 de septiembre. Pero quiero pagarlo el 20 de septiembre. ¿Se puede decir que me cobren más? Es la primera vez que pido prórroga. Solo quiero que me digan si se puede pagar unos días después sin rollos. No, es tarjeta de crédito, no más, ninguna de esas dos. Sí, entonces puedo pagar el 20 sin que haya cargos ni nada raro, porque la neta ando corto y hoy no puedo. Sí, es 3-3-0-6-guion-9-2-8-1. Queremos dejarlo bien para que no haya problema. Gracias Marina. Entonces, pago el 20 sin broncas. ¡Hasta luego!"
call_9dc1a304389f,synthetic,1,train,"Hola Marina, gracias. Te llamo porque tengo un pago pendiente con ustedes que vence el 10 de septiembre, pero este mes se me complicó y no me va a tomar alcanzar para pagarlo a tiempo. Quisiera saber si puedo pagarlo el día 20 sin que me cobre en algún recargo o interés extra. Y claro, mi nombre es Rodrigo Anaya Castellanos. El número de referencia es 33-06-92-81. Casi, pero el último par es 81, no 80. Es 33-06-92-81. Si mira es la primera vez que se me complica el pago así, siempre pago puntual pero este mes se me juntaron varios gastos. Es el pago de mi tarjeta, no de crédito personal? No te preocupes, está bien. Si, si como no, 330629281. No, con eso está perfecto. Muchas gracias que tenga buen día."
call_9f11e2c5441c,human,0,val,"No, lo que tal soy, Adrián Cortés Lima, pues aquí tengo el problema de que hice un pago y apareció dos veces en el estado de cuenta. 44,70, 81,93. No, 93. Procice el pago el 1 de septiembre por $2,600 pesos y aparece en mi estado de cuenta duplicado. Dos cobros iguales. En la misma fecha. No mina plus. 44, 70, 81, 93. Si."
call_a0fbbe7bfec4,human,0,train,"Muchas gracias por llamar a Bantam, ¿dumur? Les voy a dar gracias por llamar. Hola, mi nombre es Javier y quería saber cuánto tengo que pagar y cuándo. Número es 9 0 5 7, Gion 3 8 1 2. No, 9 0 5 7 3 8 1 2. sobre mi treinta de crédito quiero saber cuánto debo y cuándo le tengo que parar no es 22 46 sobre mi crédito verá es 0573812"
call_a2aa58c1750b,human,0,train,"Hola, buenas tardes. Disculpa, es que, de se bien me he estado de cuenta, ya había marcado ayer de esto, se bien que me he estado de cuenta, me están cubrando un seguro del banco, pero yo no lo contrate. Si, mi nombre es Héctor Navarro Salcedo y mi nombre es 22, 84, 55, 06. No, 06. Hace tres meses el primer cargo fue en junio de 181 ¿Qué te haces? Sí. Pues yo me lo he repetido. 2, 8, 4, 5, 5, 0, 6. ¿Qué es la respuesta? No, sería todo gracias. Muy bien."
call_a381913d938c,synthetic,1,train,"Si, buenas tardes, nada más quería saber cuánto debo ahorita y para cuando tengo que pagar. Si, es 9.057.318.12. Ajá. Sólo quiero saber. El... Si, sólo eso. El saldo y para cuándo es el pago. Está bien. Sobre la tarjeta la que termina en 2.246. Si, claro. Es 9.057.318.12. Si, es 9.057.318.12. Si, es 9.057.318.12. Si, es 9.057.318.12. Si, es 9.057.318.12. Si, es 9.057.318.12. Si, es 9.057.318.12. 7, guión 3, 8, 1, 2 y luego 3, 8. Sí, correcto."
call_a3a1f51a4bf9,synthetic,1,val,"Hola Marina, si mira, nomás quiero saber cuánto debo ahorita en mi tarjeta y para cuando tengo que pagar. Y mi nombre es Javier Peñaldrete. Y el número de referencia es 9057 3812. No es 90573812, o sea termina en 2. Quiero saber las dos porfa. O sea cuánto debo y para cuando tengo que pagar. Es de crédito, la que termina en 2, 2, 4, 6. Es sobre la tarjeta de crédito verde. Si es 9-0-5-7-3-8-1-2. Si, así es."
call_a426226cf8b9,synthetic,1,train,"Hola. Ah, sí, todo bien. Mira, te digo, el 19 de agosto pedí una tarjeta nueva y hasta hoy no me ha llegado nada, ya van dos semanas. Quería ver si me puedes decir si está en camino o qué onda, porque la neta sí la ando esperando. Sí, claro. El número es 1198-Guion6630. No, casi el último es 30. O sea, 1198-Guion6630. Si la pedí el 19 de agosto, es por mi cuenta de nómina, la nómina plus. Si claro, es 1198, 1198 y 660. Si, así está bien. No sería todo. Gracias que tengas buen día."
call_a4683528fef4,human,0,train,"¿Qué? Hola, buenas tardes. Lo que pasa es que vi en mi estado de cuenta un cargo que pues de un movimiento que no hice yo. Está nombre de Mariana Solis Obledo. Ok, ochenta y ocho, veintitrés, once a cuarenta y siete. El cargo, pues, el vi mi estado de cuenta y pues de mil ochocientos cincuenta pesos del día y bueno fue el 28 de agosto y en una tienda que no conozco, crédito verde 88-23-11-47. Me repito el folio. Gracias."
call_a49598543013,synthetic,1,train,"Tardes, señorita Marina. Habla Mariana Solis. Mire, le llamo porque estoy un poco preocupada y confundida. Estaba revisando mis cuentas con calma y vi un cargo en mi tarjeta que yo no hice. Quería ver si me pueden ayudar a revisar qué pasó, por favor. Ay, sí, señorita. Permítame un segundito, por favor, porque no veo muy bien y tengo aquí mis papeles en la mesa. A ver, aquí lo tengo anotado. Muchas gracias por su pasión. Ya lo tengo anotado. Sí, señorita, mire, aquí lo tengo anotado. Es el 88, 23. 11. 47. No, señorita Marina, es 88, 23. 11. 47. Termina en 47, no en 57. Mire, señorita, fue el 28 de agosto. Vi un cargo por 1.850 pesos en un negocio que la verdad no conozco nunca he comprado ahí y pues me asusté mucho porque yo cuido mucho mi dinerito. Sí, señorita. Lo vi en el estado de cuenta impreso Movimientos de mitad Jeta que termina en 55-10 Fue por esa cantidad de 1850 pesos Sí señorita Marina, ese es exactamente 88-23-11-47"
call_a6481017c744,synthetic,1,train,"Hola, hablo porque hice un pago y me aparece dos veces en mi estado de cuenta. Sí, mi nombre es Adriana Cortes Lima y mi número de referencia es 44708193. No, termina en 93, 44708193. No, fue el primero de septiembre. ¿Es en la denomina? Sí. Sí, es 44708193. no sería todo. Muchas gracias. Hasta luego."
call_a71916766a4f,synthetic,1,train,"Hola, sí, oye, metí una solicitud de crédito personal y quería saber si ya la aprobaron o qué onda, porque no me ha llegado nada. Sí, es Daniela Ocampo Ríos. Sí, es 6641-2075. No, es 6641-2075. Último número es 5. La metí el 25 de agosto y el folio es CER-Gión-2041-8. Es crédito personal, sí. El de 35,000 pesos. Sí, claro, es 6641-2075. No, está bien, gracias. Buenas noches."
call_a766613f8c8a,human,0,train,"Hola, buenos días, Imelita. Estoy llamando porque he deseado recibir los mensajes del banco porque cambié de número y quisiera actualizarlo. Luis Ferrer Montaño. Claro, 7712-0459. Al final es 59. Ya no tengo acceso al número anterior, al 8834, y me parece que me da hace unos 10 días sobre mi cuenta en general."
call_a7c95e99f3b6,human,0,val,"Hola, me pido una solicitud de crédito personal y quería saber si ya la probaron. Como Daniel Ocampo Ríos. Si, es 66412075. No, es incorrecto. Si, es 66412075. Nada, solo me pido una solicitud de... Me pido una solicitud de crédito personal y quería saber si ya la probaron. Lo pedí el 25 de agosto. Por rech. No, no te vienes. No, no te vienes."
call_a7df1d46e72b,synthetic,1,train,"Buenas tardes Marina. Le llamo porque hice un pago y en mi estado de cuenta aparece dos veces. Fue por $2,600 pesos el día 1 de septiembre. ¿Me puede ayudar por favor? Si lo tengo, es 44, 70, 81, 93. No, es 93 al final. 44, 70, 81, 93. Y claro, yo hice el pago el 1 de septiembre por $2,600 pesos. Después revisé mi estado de cuenta y vi que el mismo pago aparece dos veces el mismo día con la misma cantidad. Por eso llamo, porque solo hice uno. Lo hice por transferencia desde otra cuenta mía. No fui al banco, lo hice en la aplicación. Es sobre mi cuenta nómina plus. El creito verde no lo he usado. Sí, claro. 44, 70, 81, 93. Correcto, así está bien. Y muchas gracias. Que tenga buena tarde. Hasta luego."
call_a7ea289a43fd,synthetic,1,train,"Buen día Marina. Mire estoy hablando porque metí una solicitud de crédito personal y quisiera saber si ya está aprobada por favor. Claro mi nombre. Sí como no. Sí claro mi nombre es Danielo Campo Ríos. El número de referencia de cliente es 646412075. No disculpe es 207566412075. Sí, la metí el 25 de agosto en su cursal. Fui directamente porque necesitaba que me ayudaran con algunos datos. No es sobre un crédito personal. Solicité 35 mil pesos. ¿No es crédito verde ni nómina? Le escucho. Es Ocampo, de apellido. Daniela Ocampo Ríos. Así es. Sí, claro, es 6.6. Por supuesto, 6.6.41.20.75. Sí, correcto, 6, 6, 41, 20, 75."
call_a8ca5b456ce4,synthetic,1,train,"Hola, sí, mira, estoy hablando porque tengo un pago periente con ustedes, vence hoy 10 de septiembre, pero, honestamente, no me va a alcanzar ahora. Quería saber si puedo pagarlo el 20 de septiembre, sin que me cobre en recargos o algún interés adicional. Sí, claro. Mi nombre es Rodrigo Anaya Castellanos. El número de referencia es 3306-9281. No, el último dígito es 1. Es 3306-9281. Claro, te cuento. No es la primera vez que me retraso, Pero sí es la primera vez que llamo para avisar y pedir que por favor me den chance formalmente. Otras veces me he atrasado uno o dos días y después pago, pero nunca he hecho un acuerdo ni nada especial con el banco, solo por mi cuenta. Esta vez de plano, sí necesito esos diez días porque no me va a caer dinero hasta el veinte por temas de trabajo. Por eso quiero ver si se puede registrar bien y que no me vayan a cobrar recargos o reportar a Buró. Sí, exacto. El veinte de septiembre ya tendría el dinero para pagar completo los cuatro mil doscientos pesos. Es sobre el redito verde, ahí es donde tengo pendiente el pago que vence hoy. Si, así es, 3306-9281. Si, dime. Perfecto, muchas gracias. Entonces no me van... Gracias a ti que tengas buen día, hasta luego."
call_a9d29125d786,synthetic,1,train,"Lo siento, no tengo el... si... Ernesto Villalobos Prieto, referente a 100... Mira pedí la tarjeta nueva el 19 de agosto y ya pasaron dos semanas y todavía no la tengo. Necesito saber qué pasó con el envío. 11.98, guión 66.30. Si... ¿Me puedes decir en qué quedó el envío?"
call_abf730747901,human,0,val,"Hola, voy a pagar tarde mi tarjeta. Sí, Rocío Anaya. Sí, 33-06-92-81. Sí, me pago pendientes de 4200 y vencé el 10 de septiembre y quiero pagar el 20. Sobre la plus, 33-06-92-81."
call_ac80248cae29,synthetic,1,train,"Hola Marina, oye, es que estaba viendo mi aplicación y de la nada me sale un cargo que yo anetano hice. Entonces quería ver si me ayudan a revisar qué onda con eso. Ana Solís Robledo. Y mi número de referencia, a ver, déjame buscarlo en la app, es 8 8 2 3 1 1 4 7. Lo anoté mal, o me escuchaste mal, es 8 8 2 3 1 1 4 7, con 4 al final. Y del cargo pues fue el 28 de agosto por 1850 pesos en una tienda que de plano no conozco, la verdad no sé si fue física o digital, pero la tarjeta termina en 5510, ay pues no se bien de eso, es mi tarjeta de débito normal, la que siempre uso, la que termina en 5510, si es amera. Todo, muchas gracias Marina, que tengas buen día, bye."
call_acda78859d0d,human,0,train,"Hola, buenas tardes. El motivo de mi llamada es a que me hicieron un cobro dos veces. Sí, claro, mi nombre es Adrián Cortés Lima. ¿Es 44708193? No. Es 44708193. Sí, la compra la hice el 1 de septiembre por un monto de 2.600 pesos. Así es, fue por 2.600 veces. ¡Credito, verdad! Y es 444-80-8193."
call_ad8e23b11d98,synthetic,1,train,"Hola Marina, buenas tardes. Y pago vence hoy, pero la verdad no me van a alcanzar. Quiero saber si puedo pagar hasta el 20 de septiembre sin que me cobren intereses o recargos. Sí, claro, es 33, 06, 92, 81. No, 81 al final, no, 80 y cero. Repito, 33, 06, 92, 81. Es la primera vez. Sólo este mes se me juntaron varios gastos y no me va a alcanzar hasta el día 20. Por eso quiero ver si se puede pagar ese día sin que me cobre, además. Ajá. Sí, así está bien."
call_adf30039caa2,synthetic,1,train,"Si, mire, solo quiero saber cuánto debo ahorita y para cuándo tengo que pagar. Sabía peñada. Si, es 9-0-5-7-guión-3-8-1-2. No, es 9-0-5-7-guión-3-8-1-2. No más quiero saber. Solo quiero asegurarme. Si, ningún problema. Ajá. 9-0-5-7-guión-3-8-1-2. Si, está correcto."
call_aed9b45d6c31,synthetic,1,train,"Hola buenas tardes. Me están cobrando un seguro que no recuerdo haber contratado. Quiero cancelarlo por favor. Héctor Navarro Salcedo. Mi número de referencia es 22, 84, 55, 06. No, no, es 22, 84, 55, 06, 9, 55, 7, 6. Ah, ¿lo vi en la aplicación? Empezaron a cobrarme 189 pesos desde junio. Ya van tres meses. No recuerdo haberlo contratado. Por eso quiero cancelar. Me aparece como cargo directo a mi cuenta. a tarjeta, solo dice seguro y el monto 189 pesos. Es sobre mi cuenta nómina plus. Ajá, sí, 4, 8, 84, 50. Perfecto, gracias, eso es todo. Ajá, les escucho. Gracias, que tenga buen día."
call_af9ad367dcce,synthetic,1,val,"Buenas tardes, señorita Marina. Mire, le hablo porque me gustaría saber cuánto debo en mi tarjeta y ¿para cuándo tengo que hacer el pago, por favor? Sí. Sí, claro que sí, señorita. Mi nombre es Javier Peñaldrete. Y sí tengo a la mano el número de referencia que me pide. Es el 90, 57. Cuenta 38, 12. No, disculpe, señorita. El último número es 12. O sea, 90, 57, 37, 38, 12. Termina en 12, por favor. Sí, señorita, exactamente. No más quiero saber cuánto debo y para cuándo tengo que hacer el pago, si es tan amable. Mire, es para mi tarjeta la que termina en 22.46. No sé si sea de esas que dice, pero es mi tarjeta de crédito. No, señorita, sería todo de mi parte. Le agradezco mucho su atención y que tenga una muy buena tarde. Hasta luego."
call_b0836ff3142a,synthetic,1,train,"Hola, buenas tardes. Llamo para saber si ya aprobaron mi solicitud de crédito personal que metí hace unos días. Mi nombre es Daniela Ucampo Ríos. Hice la solicitud del 25 de agosto, 641-2075. Al final, no seis. Solicite un crédito personal por... Perdón, creo que quedó incompleto tu mensaje. ¿Me puedes repetir la pregunta? No, en la referencia, no en ningún documento. Final que solicité. Uno guión 2075. Gracias, no necesito nada más. Que tenga buen día."
call_b167dd907a80,synthetic,1,train,"Buenas tardes, María. Este es la Marina. Soy Mariana Solis Robledo. Le llamo porque vi un cargo en mi tarjeta que no reconozco y quisiera que lo revisen por favor. Fue por $1850 pesos el 28 de agosto y aparece en una tienda que no ubico. La tarjeta termina $55, $10. Sí, claro. Es 88, 23, 11, 47. Sí, claro. Mire, yo revise mi estado de cuenta hace poco y no te de ese cargo del 28 de agosto. No hice ninguna compra por esa cantidad ni en esa tienda. De hecho, no recuerdo haber usado la tarjeta ese día. Hasta ahora no había tenido problemas con la tarjeta. Siempre la traigo conmigo y no la he perdido ni prestado por eso me llamó la atención el cargo es sobre mi cuenta nómina plus esa es la tarjeta donde vi el cargo que no reconozco sí claro 88 23 11 47 no muchas gracias que tenga buena tarde"
call_b2594d9c3ffd,synthetic,1,train,"Hola, sí, gracias. Oye, te marco porque me empezaron a cobrar un seguro de 189 pesos que la neta no recuerdo haber contratado. Ya van como tres meses que me llega el cobro y justo quiero cancelarlo porque ni sé bien de qué es o cuándo lo pedí, si es que lo pedí. ¿Me puedes ayudar con eso? Sí, claro, mi nombre es Héctor Navarro Salcedo. El número de referencia es 2284-Gión-5506. No, ese no, es 2284-Gión-5506. El último es 06. Sí, mira lo noté porque me empezó a aparecer el cargo en mi estado de cuenta desde junio, así literal de la nada. Ya llevo como tres meses así. Pero no, la neta no recuerdo que me hayan llamado ni mandado mensaje para ofrecerme el seguro ni nada, por eso se me hizo raro. Yo reviso mis movimientos y de repente ahí estaba el cobro pero nunca pedí ese seguro, al menos no que yo recuerdo. Siempre me aparece igual con el mismo concepto cada mes. es el seguro y el monto es 189 pesos no ha cambiado ni el nombre ni nada es sobre mi cuenta nómina plus ahí es donde me están haciendo el cargo cada mes si claro es 2284 guión 5506 no está perfecto muchas gracias por la ayuda que tenga buen día"
call_b382ffa5187d,human,0,train,"Buen día, gracias por llamar a Bancoal. Buenas noches, me gustaría por favor saber el estado de una solicitud de crédito que metí. Claro, mi nombre es Danielo Campo Ríos y mi número de referencia de cliente es 66412075. No, es 2075. Claro, la metí el 25 de agosto y fue en línea, nada me gustaría hacer ver si ya la probaron. Sobre mi cuenta no me ena plus. 6641275."
call_b3f14bd5c2b6,synthetic,1,train,"quiero reportar un cargo que no reconozco en mi tarjeta. Me apareció uno de 1,850 pesos el 28 de agosto en una tienda que ni ubico y pues no fui yo. ¿Me ayudas a revisarlo? Sí, es 88, 23, 11, 47. Sí, mira, justo estaba revisando mis movimientos en la app y vi ese cobro el 28 de agosto. No lo hice yo y no conozco la tienda. Los demás cargos sí lo reconozco, solo ese me brincó. 850 pesos. es de mi tarjeta la que termina en 5510, tal cual 8823 guión 1147. Si, gracias."
call_b41c86402714,human,0,train,"Hola, buenas tardes. Buenas tardes, soy Lucía Ferrer Montaño. Fíjate que quisiera cambiar de número para que me sigan llegando los mensajes del van como podrías ayudar. Es el 7712-0459. No, es incorrecto. Al final termina con 9. Simplemente quise cambiar de número recientemente y por eso quisiera también actualizarlo aquí. No, ya no tengo mi acceso ni nada con el otro número. No, mina plus, por favor. Es correcto."
call_b5840ec7dd5e,synthetic,1,train,"Hola, buenas tardes señorita Marina. Mire, le llamo porque hoy se vence mi pago y no me van a alcanzar para completarlo. Quería saber si puedo pagar unos días después, el 20 de septiembre, sin que me cobre en algún cargo de más. Mire señorita, creo que es con mi cuenta. De hecho, tengo aquí a la mano mi número de referencia de cliente, por si les sirve para revisarlo. es el 33 06 92 81. ¡Ay señorita! Me agarro un poco confundido. No estoy muy seguro de cuál de los dos sea, pero sé que el pago que tengo pendiente es de 4200 pesos. ¿Le aparecerá ese dato ahí con el número que le di? Sí señorita. No señorita, sería todo de mi parte. Le agradezco muchísimo su ayuda y su paciencia. Que tenga una muy bonita tarde."
call_b5c4803ea37c,human,0,train,"Hola, hice un pago y me está perdiendo dos veces en el estado de cuenta. ¿Sí? Adrián Cortés Lima, número de referencia 44708193. No, el último digitado es 3. Es un pago de $2,600 pesos el primero de septiembre. Sí, crédito verde. 44708193. Sí, correcto."
call_b5cc1f8d8fee,human,0,val,"Buen día. Buen día. Quiero cancelar un seguro que me están cobrando y yo no me acuerdo que yo lo contraté. 2, 2, 8, 4, 5, 5, 0, 6. Sí, así es correcto. Mira, hace tres meses noté que me hicieron el primer cargo que fue en junio y pues yo no me acuerdo de haberlo contratado y lo quiero cancelar. No sé, solamente quiero cancelar el seguro y quiero saber cuánto es lo que me están cobrando. Sí, es correcto. Mándamelo a mi teléfono, por favor. ¿Pendrías que estemos en el teléfono? No, estoy en el teléfono. Ah, te lo haré. No tienes que me dame. No. No, sería todo. Muchas gracias."
call_b658b1155216,human,0,val,"Hola, buenos días. Quiero saber cuánto debo y cuándo es mi fecha de corte o cuándo tengo que pagar más bien. Sí, mi nombre es Javier Apeña Aldrete. Tengo 5, 7, 3, 8, 1, 2. Tengo 5, 7, 3, 8, 1, 2. ¿Qué pasó? Sí. Y quiero saber cuándo tengo que pagar. Mi referencia de cliente. Necesitas el número de mi perceta. 90573812. Oye, solamente quiero saber cuánto dego. ¿No me puedes decir cuánto tengo que pagar? Ni siquiera. Ni la fecha de pago me la puedes decir. No. Es todo. Gracias."
call_b712f501aeb8,synthetic,1,val,"Hola buenas tardes, mire lo que pasa es que hoy vence mi pago y no me va a alcanzar para cubrirlo, quería ver si hay posibilidad de pagar unos días después, por ahí del 20 de septiembre sin que me cobren de más. Sí claro, mi nombre es Rodrigo Anaya Castellanos y mi número de referencia es el 33069281. No perdón, termina en 8-1, es 33069281. Pues mire, la verdad es que se me juntaron algunos gastos imprevistos y ahorita de plano no me alcanza para cubrir los 4200 pesos. Pero ya para el 20 de septiembre seguro tengo el dinero. Si es correcto, son 4200 pesos. Ay pues me agarra en curva, creo que es lo del crédito, pero no estoy muy seguro la verdad. ¿No le aparece ahí con mi número de referencia? Bueno, si me escucha. Ah muy bien, espero entonces. Si claro, es el 3, 3, 0, 6, 9, 2, a, 8, 1. Si me avisa cuando lo tenga. No, sería todo de mi parte. Muchas gracias por su ayuda y que tenga buena tarde. Hasta luego."
call_b72eccd91b8c,synthetic,1,train,"Hola buenas tardes. Mire, hablo porque me están cobrando un seguro que yo no recuerdo haber contratado y la verdad quiero cancelar ya. Mi nombre es Héctor Navarro Salcedo. Mire, esto lo noté hace como tres meses. El primer cargo me lo hicieron en junio y me están quitando 189 pesos cada mes por ese concepto. Sí, mi número de referencia es el 22, 84. 55, 06. Sí, no es 22, 84. 55, 06. 84, no 85. Pues mire, me di cuenta revisando mi estado de cuenta en junio. Vi ese cargo de 189 pesos que yo no reconocí. Y luego en julio y agosto me voy a pasar lo mismo, por eso estoy llamando porque yo nunca contratenada. Sí, claro, es 22, 84 en el, 55, 06."
call_b78e6c8e05d3,human,0,train,"Rodrigo Anaya Castellanos. Mi pago vence pronto y les quiero ver si puedo pagar unos días después sin que recobren extra. 069281. No, 33069281. Paga, quiero pagar el 20 de septiembre. Vence el 10. Y es la primera vez que hago la solicitud. 3, 3, 0, 6, 9, 2, 8, 1. Correcto. Gracias a todos."
call_b7c3a7552903,synthetic,1,train,"Hola buenas noches. Oye, llamo porque hace dos semanas pedí una tarjeta nueva y la neta no me ha llegado nada. Quiero saber si hay algún problema o que onda porque sí la necesito. Sí claro, me llamo Ernesto Villalobos Prieto. Sí ahí va, 1, 1, 9, 8, 6, 6, 3, 0. No me está mal, es 1, 1, 9, 8, 6, 6, 3, 0. Termina en 3, 0. Sí la pedí el día... Sí, para que me la mandaran a mi domicilio. aquí hay naranjos, 214, Colonia del Valle, ahí es donde siempre me llegan las cosas del banco. Es de mi cuenta nómina plus, la verdad es que necesito la tarjeta para que me sigan depositando ahí. Ajá, sí, sí, dígame."
call_b956718b62ae,synthetic,1,train,"que onda Marina? o eso quería preguntar cuánto debo ahorita y para cuándo tengo que pagar si ahí va 9 0 5 7 3 8 1 2 aja si así es 9 0 si claro es 9 0 5 7 3 8 aja de la tarjeta porfa la terminación es 2 2 4 6 es sobre la tarjeta la de crédito si sin problema es 9 0 5 7 3 8 1 2 va perfecto No, está bien, muchísimas gracias. Nos vemos, gracias. Que tengas buen día."
call_b96e9305d9a2,human,0,train,"¿Qué? Hay un cargo que no reconozco en mi tarjeta y no lo hice yo. Diana Solís, 88, 23, 11, 47. No, 88, 23, 11, 47. El fin se trata de un monto de 1850 pesos que vi el 28 de agosto en una tienda que no reconozco con terminación de mi tarjeta 55 10 apenas lo vi con mi cargo de este mes. Mi nómina plus ochenta y ocho veintitrés once cuarenta y siete no."
call_bac44092a11a,human,0,train,"Hola, qué tal? Un cargo en mi tarjeta que no hice y a ver si lo pueden revisar. Mi nombre es María Solís Roblero y el número de referencia es 88231147. Otra vez, 33069281. Ah, no, no, no. Me equivoqué. Es 888231147. No, mi nombre es Mario Solir Robledo, no María. Sí, es un cargo de 1.850 pesos el 28 de agosto. Ehh, digital, creo. ¿Ya te lo había dado? No, 8-8-2-3-1-1-4-7. ¡Simon!"
call_bba20372ca37,synthetic,1,train,"Buenas tardes Marina. Le marco porque cambié de número de celular y quiero actualizar mis datos para que los mensajes del banco me sigan llegando al nuevo. ¿Me puede apoyar con eso por favor? Ajá. Sí, claro, mi nombre es Lucía Ferrer Montaño. El número de referencia es 7, 7, 12, guión, 0, 4, 59. Casi, es 7, 7, 12, guión, 0, 4, 5, 9. ¿Lo puedes revisar, por favor? Sí, ya no tengo acceso al número anterior, el que terminaba en 88, 34. Cambié de número hace como dos días, solo quiero que la información del banco ya me llegue al nuevo, por favor. Sí, correcto, 88, 34. Es sobre mi cuenta noomina plus, es la que uso para todo y donde me llegan los avisos. Sí, está bien."
call_bc24a38d8bf2,synthetic,1,train,"Hola, buenos días. Mire, estoy llamando porque tengo un cobro duplicado en mi estado de cuenta. Hice un pago de $2,600 pesos el 1 de septiembre y me apareció dos veces. ¿Me puede ayudar a revisar eso por favor? Sí, claro, mi nombre es Adriana Cortés Lima. El número de referencia de cliente es 44, 70, 81, 93. No, perdón, es 44, 70, 81, 93. 93, al final. Ajá. Voy con mi cuenta NominA Plus. El pago salió directamente de ahí. Sí. No, muchas gracias. Buen día."
call_bc2c7c34acea,human,0,val,"Mira, hablo porque no me ha llegado mi tarjeta. Y quiero saber qué pasó. Ernesto Villalobos, Prieto. Y mi número de referencia es... Perdón, de 8, Gion6630. No, está equivocado. 1, 9 de 8, Gion6630. Si fue el 19 de agosto y fue para que me lo entregaran en mi casa. No, este equivocado. Turo de mi treito verde. Sí, es correcto. Pero no te ha dado mi nueva dirección. Si es que hay en Aranjos 214 Colonia del Valle. Eso es todo. Gracias."
call_bc7120020303,human,0,train,"y buenas tardes. Hablo para, para reportar un cargo que no reconozco y soy Mario Solis Robledo y número de referencia de clientes 88, 23, 11, 47. Lo repite por favor. No es incorrecto. 88, 23, 11, 47. Y lo que pasa es que me llegó la notificación a mi correo. de la notificación. Disculpe, disculpe. Me llegó la notificación a mi correo electrónico de que se había hecho un cargo este lo que pasa es que yo estaba muy a gusto en mi casa y en eso me llegué a la notificación de un cargo de ocho mil ocho ochocientos cincuenta pesos el veintiocho de agosto el veintiocho de y el correcto."
call_bd2262567810,human,0,train,"de lo que pasa es que tengo un cargo que no reconozco. Si mi nombre es Carlos Ramírez y mi número de referencia de cliente déjenme lo busco. Y esperen un momento. ¿Dónde lo puedo encontrar? Ok, este me hace que es este 88501110. Me hace que no es de esto. Creo que es este 88501110. Me dice por favor que sí. y mire ese lugar repetiré pero ya no se equivoque por favor. 88501110. El monto fue de 5.000 pesos, fue el día de ayer. Veo que es un cargo de un videojuego pero se me hace raro que el cargo tiene como una empresa de otro país, parece de la India. En nombre sí como de la India. Y si, si, si digan este en caso de que no reciba respuesta este como me comunico o que tengo que hacer. Y este, este me puede repetir, me puede repetir su nombre."
call_bd98a8224da0,human,0,val,"Hola, te habla Mario Solis Roledo. Es que vi un cargo en mi tarjeta que yo no hice y quiero que lo revises. Sí, es 88231147. No, es 47. Es un cargo de 1850 de una tienda que no reconozco y pasó el 28 de agosto. Es sobre la tarjeta que terminó en 5510. 88231147. ¡Bien, gracias!"
call_bda847d77eef,human,0,train,"de la screen de Hola buenas tardes eh el motivo de mi de mi llamada eh se debe a que no he recibido la tarjeta, no he recibido mi tarjeta. No, no, no, no, no me no me ha llegado la tarjeta. Sí, mi nombre es Ernesto Víaldos Prieto. Claro, es el once no es uno uno nueve ocho, seis seis tres cero. Eh yo los y simplemente no me ha llegado sobre crédito verde. Sí, 119866 así es."
call_bdfa814252df,synthetic,1,train,"Hola Marina, si gracias. Solo quería saber si ya me aprobaron un crédito personal que metí hace poquito. Claro, Daniel Alcámporrio. Ajá. Si es 66412075. Ajá. Si, así, 66412075. Si, la metí el 25 de agosto y el folio es CR-guion20418. El monto fue 35 mil pesos. Ah si, eso, el monto fue de 35 mil pesos sobre la nómina plus. Ajá, si claro, es 66412075, si, asi esta bien."
call_be72006df132,human,0,val,"Buen día, gracias por el buen día. Metí una solicitud de metí la solicitud de crédito personal y quiero saber si ya me la probaron. 66412705. No, incorrecto. 6412075. La solicité el 25 de agosto. 41275."
call_bf0384ed27ed,human,0,val,"Sí, buenas tardes Marina. Fíjate que soy al mando para saber cuánto debo y cuándo tengo que hacer mi pago. Sí, claro, es Javier Apeña Aldrete. Sí, claro, es 9057Gion3812. No, está incorrecto. Sí, claro. Es 9 0 5 7. Guion 3 8 1 2. Pues únicamente quiero saber como el total de lo que debo o más bien el monto apagar y cuándo y cuándo es mi último día de pago. Mi tarjeta. Nomina plus. Si claro es 9 0 5 7 guión 3 8 1 2. Si es correcto."
call_bf4ed1a05c84,human,0,train,"Sí, buenas noches. Mirá, Ernesto Villalobos Frito. Perdí una tarjeta nueva hace dos semanas y no ha llegado. Quiero saber qué pasó. Es 11.98.6630. No, es 11.98.6630. La pérdida domicilio. Es sobre mi tarjeta nueva selección a tarjeta. es 11.98. 66.30. Sí. Nada más."
call_c04725672945,synthetic,1,val,"Buenas tardes, señorita Marina. Mire, le llamo porque estaba revisando mis estados de cuenta y me llevé una sorpresa muy desagradable. Resulta que tengo un cargo en mi tarjeta que yo no hice, es de una tienda que ni conozco y quería ver si me podían ayudar a hacer una aclaración o a revisar qué pasó con eso. Sí, claro que sí, señorita. Mi nombre es Mariana Solis Robledo y mi número de referencia de cliente es el 8883-1147. No, disculpe, señorita. El final es 4, 7. Es decir, 8, 8, 2, 3, 1, 1, 4, 7. Con 4. Sí, mire, el cargo es por 1,850 pesos y dice que se hizo el 28 de agosto. Lo raro es que aparece el nombre de una tienda que yo no conozco para nada. Y yo siempre tengo mucho cuidado con mis cosas. No ando prestando mi tarjeta. La tarjeta con la que pasó esto termina en 5, 5, 1, 0. Mire, en el papelito donde anoté todo, claramente 28 de agosto, señorita. Y sobre lo que me pregunta de las cuentas, la verdad no estoy muy segura de esos nombres, pero es mi tarjeta de crédito de toda la vida, la que le digo que termina en 510. Sí, está muy bien señorita, me avisa cuando lo... Sí, dígame qué es lo que necesito, sí, mi número de referencia. No, muchas gracias, eso sería todo de mi parte. Que tenga una buena tarde. Hasta luego."
call_c1cbe639d50f,synthetic,1,train,"Oye, lo que pasa es que me están cobrando un seguro que yo ni al caso. No me acuerdo de haber contratado nada y quiero cancelarlo. Sí, soy Héctor Navarro Sasedo y la referencia es 2284-5506. No, termina en 06. O sea, 2284-5506. Ajá. Sí, ese mero. Sí, dime. No, nada más. Muchas gracias."
call_c1d95df7a179,synthetic,1,train,"Hola Marina, gracias. Llamo porque cambié el número de celular y quiero actualizarlo para que me sigan llegando los mensajes del banco. Sí, claro, Lucía Cerrer Montaño. Este 712 guión 04-59. Sí, así es. Desde hace como una semana más. Sí, dime. Sí. Este 712 guión 04-59. Sí, correcto."
call_c21f9cf2390e,synthetic,1,val,"Miren, lo que pasa es que mi pago vence hoy y no me va a alcanzar el dinero. Quería saber si puedo pagar unos días después sin que me cobre en comisión o algo demás. Es Rodrigo Anaya Castellanos, mi número de referencia es 33 06 92 81. Al final es 81 33 06 92 81. Sí, es correcto, 20 hoy 10 de septiembre. La verdad estoy confundido, pero es por el pago de 4.200 pesos que le confirmo. Muy bien, ¿qué procede? Sí, de nada, se va a poder pagar el 20, pero me van a cobrar de más por pagar el 20 de septiembre o me da algún folio."
call_c337629bcbbb,human,0,train,"Hola, es que pedí una tarjeta no horas y dos semanas y no ha llegado a mí. Sí, claro, mi nombre es Ernesto Villalobos Crépoz. Mi número de referencia es 1198, y hoy, 636. No, sí. ¿Y a qué? Sí, a pedir el 19 de agosto. Me mandaron a Lleras Treo, pero aún no me han contalfado sobre el crédito verde. Sí, es correcto."
call_c3417b995627,synthetic,1,train,"Hola, pedí una tarjeta nueva hace dos semanas y no ha llegado. Quiero saber qué pasó. Ernesto Villalobos Prieto. Sí, claro, es 119-866-30. Sí, aquí estoy. ¿Qué más necesita? La pedí el 19 de agosto y me dijeron que la iban a mandar a mi casa. La dirección es Calle Naranjos 214, Colonia del Valle. No me dieron guía el 19 de agosto de este año. Es sobre la nómina plus. Sí, claro, es 119-866-30. Si, es 1 9 8 6 6 3 0, 8 6 6 3 0, así es."
call_c3a3ab5fa472,synthetic,1,train,"Hola, si mira tengo un tema medio raro a ver si me puedes ayudar. Desde hace como tres meses me están cobrando un seguro que la neta no recuerdo haber contratado, es un cargo como de 189 pesos al mes, empezó en junio y quiero cancelarlo porque ni sé de qué eso, porque aparece ahí. Si claro aquí lo tengo, es 2284, es 5506, no no es 2284, 5506, o sea termina en 06, no en 7. Sí, claro, el primer cargo lo vi justo en junio y desde ahí ha estado apareciendo cada mes. La verdad no recuerdo haber pedido ningún seguro ni me avisaron nada por teléfono ni por correo, solo empezó a llegar ese cobro de 189 pesos. No vi nada raro más que eso, no más me saca de onda porque no sé ni qué seguro es. Sí dice algo como seguro protección y luego un número larguísimo pero no viene nombre de asegurador, ni nada solo eso. Es sobre la cuenta nómina plus, ahí es donde me están haciendo el cargo cada mes. Muy bien, ¿adictar mi nombre? Héctor Navarro Salcedo, mi teléfono si es 80, te escucho, si es 22845506, así es correcto, ese es mi número de referencia, no con eso está perfecto. Muchas gracias que tengas buen día."
call_c3e9e24958f7,synthetic,1,train,"Hola, buenas tardes, señorita Marina. Mire, le llamo porque estaba revisando mi estado de cuenta y me di cuenta de algo que me tiene bastante preocupada y molesta. Resulta que el primer de septiembre hice un pago y me aparece cobrado dos veces. Está duplicado en mi cuenta. Sí, claro que sí. Mi nombre es Adriana Cortes Lima y mi número de referencia, mire, lo tengo aquí apuntado en mi recibo es el 4-4-7-0-8-1-9-3. No, disculpe señorita Marina. El último número no es 4, es 3. Se lo repito despacio. 4-4-7-0-8-1-9-3. Sí, mire, le cuento, el pago lo hice el 1 de septiembre, que fue hace unos días. Fue por un monto de $2,600 pesos y pues yo siempre estoy muy cuidadosa con mis cuentas, pero al revisar el estado de cuenta me topo con que me aparece el cargo dos veces, exactamente por la misma cantidad de $2,600 pesos el mismo día. Ay, mire, señorita, la verdad no estoy muy segura de esos nombres tan modernos que usan ahora de crédito verde o nómina, pero es de mi cuenta de débito de siempre, de donde hago mis pagos y tengo mis ahorritos. Con el número de referencia que le di no le aparece a usted ahí en su sistema de cual cuenta se trata. Sí, es correcto, ese es el mero número que le acabo de decir. No, sería todo de mi parte, señorita Marina. Le agradezco mucho su atención y que tenga una excelente tarde. Hasta luego."
call_c49b6face6c3,synthetic,1,val,"Hola, quiero cambiar mi número de teléfono porque ya no tengo el anterior y necesito que me sigan llegando los mensajes del banco. Sí, mi nombre es Lucia Ferrer Montaño y mi número de referencia es el 77-12-04-59. No, es 77-12-04-59. Al final es 59, no 58. Sí, es para mi cuenta en general para que me lleguen las alertas. Sí, sí, es correcto. No, sería todo. Muchas gracias. Hasta luego. Subtítulos por la comunidad de Amara.org"
call_c4fc8a865292,human,0,val,"Bueno, buenas tardes. Quiero saber sobre mi pago pendiente de cuatro mil doscientos pesos. Gracias. Es Rocío Anaya Castellano. De acuerdo. Tres, tres, cero, seis, guión, 9, 2, 8, 1. No. Es 3, 3, 0, 6, 9, 2, 8, 1. Bueno, mi pago vence el 10 de septiembre y quisiera pagar el 20 de septiembre. Sí, justo. Es sobre mi nómina Banco Altur. Ah, No, no sé. Gracias. 6, 9, 2, 8, 1. Gracias. No está bien. Muchas gracias."
call_c509bc8280ae,human,0,train,Quiere hacer un pago que me apareció dos veces. Un cobro doble. Adrián Cortés Lima. 44708193. Es 44708193. Es un pago del 1 de septiembre por 2600 que aparece duplicado. Así es. Nominamos. Sería el 44.70.81.93. Sería todo.
call_c5b04c36bb62,synthetic,1,train,Hola Marina buenas tardes oye hablo porque me están cobrando un seguro que la verdad no me acuerdo de haber contratado y pues quiero cancelarlo. Si claro soy Héctor Navarro Salcedo y el número ese de referencia es el 2284-5506 de nada si dime si exacto termina en 5506 el completo es 22845506 pues supongo que en mi cuenta denomina porque me lo cargan ahí directamente cada mes la verdad no tengo ningún crédito verde si es el 22845506 No sería todo de mi parte. Muchas gracias por la ayuda Marina. Hasta luego.
call_c647ee088162,human,0,train,Metí una solicitud de crédito personal y quiero saber si la probaron. Daniela Ocampo Ríos 66412075. No. 66412075. La metí al 25 de agosto por 35 mil pesos. 3 to Verde 66412075 nada más gracias gracias gracias
call_c67ce09b3316,synthetic,1,train,"Hola Marina, ¿qué onda? Oye, marcanomas para saber cuánto debo ahorita y para cuando es el pago. Sí, claro. Javier Peñal Drete. Sí, ahí va. 9 0 5 7 3 8 1 2. Sí, está bien así. 9 0 5 7 3 8 1 2. Es de la nómina plus. Sí, ahí va otra vez. 9 0 5 7 guión 3 8 1 2. Sí, correcto."
call_c6daaae3eb0f,human,0,train,quiero reportar un cargo en mi tarjeta que no hicí yo. 888-23-1147. 4.7. No es un cargo que no reconozco que me apareció de la nada. Hace como una semana. Nóminas. 888-23-1147.
call_c6e878157063,human,0,train,"Fíjese que acabo de hacer un pago en mi cuenta y creo que se ve reflejado dos veces en estado de cuenta. Adrián Cortés Lima y mi número de referencia es 44708193. No, 93 es. Es que pues estaba pagando el predial de mi casa y el saldo que me quedaba restante pagó unos 2.600 pesos. a principios de mes creo que fue el 1 de septiembre y ya hoy me llegó el estado de cuenta y veo que está reflejado veces el cobro, entonces no sé si hubo un error o que puedo haber pasado ahí esta en la cuenta no me vino plus ya que tuve que es un cargo del predial entonces si es 44 78193 ¿correcto? Sí, sí, sí. Listo todo, gente. Gracias, nuevamente."
call_c87e905eb0d7,synthetic,1,train,"Buenas tardes Marina. Le llamo porque tengo un pago pendiente con ustedes, pero la verdad es que no me va a alcanzar para cubrirlo en la fecha que está programada, que según yo es hoy. Quería saber si puedo pagar unos días después como el día 20 sin que me cobren algo extra o interés. Me podría ayudar con eso, por favor. Sí, claro. Mi nombre es. Sí, se lo dicto. Es 33 0. 33 06 con 92 81. Perdón. ¿Me podría repetir la pregunta? No es. mi número de referencia es 33 06 92 81 si claro lo que pasa es que hoy si claro mire normalmente hago no se preocupe adelante por supuesto se lo digo despacio 3 3 0 6 9 2 8 1 muy bien"
call_ca184bb77a63,human,0,val,"La buenas tardes, lo que pasa es que revise mi estado de cuentas, me he cuenta que tengo dos cobros dos veces. Sí claro, es Adriana Cortés Lima. Sí, es es 44708193. No, es 93. Todo lo noté el día de hoy, pero ese pago fue el primero de septiembre. Entonces no parece duplicado, pero pues apenas me di cuenta. Sí. Ya he dicho mucho. Sí, claro, es 44708193. No, muchísimas gracias."
call_ca5206a4f854,synthetic,1,train,"Buenas tardes Marina. Mire, le llamo porque cambié de número de teléfono y quiero actualizarlo para que me sigan llegando los mensajes del banco por favor. Ya no tengo acceso al número anterior, entonces quisiera dar mi número nuevo. Sí, claro, démeme un segundito por favor. Aquí está, mi número de referencia. Gracias Marina, muy amable. El número de referencia es 7, 7, 1, 2, guión, 0, 4, 5, 9. Ah, sí, adelante. Sí. Desde hace como... Sí, claro que sí. Terminaba... No se preocupe Marina. Le decía, el número anterior terminaba en 8884. Ajá. Así es. 77712-0459. No, muchas gracias Marina. Que tenga buena tarde. Hasta luego."
call_cbad95f3aabc,synthetic,1,train,"Hola, sí, oye, cambié de número y ya no tengo acceso al anterior. Quiero actualizarlo para seguir recibiendo ahí los mensajes del banco. Sí, lucía Ferrer Muntaño. Y mi número de referencia es 7712-0459. No es 04598. El otro ya no lo tengo, por eso quiero que me lleguen al nuevo. Ajá. Va, perfecto."
call_cbb902adb22a,human,0,train,"Buen día. Hola. Buenos días. Soy, sí, vi un cargo en mi tarjeta que no hice yo y quiero que lo revisen. Mi nombre es Mariana Solis Robledo y mi número de referencia. Mi número Sí, es 8883 1147, es 8883 1147. Bueno, apareció el 28 de agosto en una tienda que no no reconozco y el cargo fue de 1850 pesos. Sobre mi cuenta verde. No, muchas gracias."
call_ce3072c8e106,synthetic,1,train,"Hola Marina te llamo porque llevan tres meses cobrandome un seguro que no recuerdo haber contratado el cargo es de 189 pesos empezó en junio y quiero cancelarlo porque no tengo idea de por qué lo están aplicando si aquí lo tengo es 2284 5506 si así es exactamente el mismo monto 189 pesos cada mes, desde junio hasta ahora. Sobre la cuenta nómina plus, en el crédito no he visto nada raro solo es en la nómina. Claro es 2284-5506."
call_ce6146a1c53e,synthetic,1,train,"Buenas tardes Marina, oye mira es que cambié de número de teléfono y pues quería ver si lo podemos actualizar para que me sigan llegando todos los mensajes del banco, ya ves que luego mandan alertas y todo eso y pues ya no tengo el chip anterior. Y claro soy Lucía Ferrer Montaño y mi número de referencia de cliente es el 77-0459. A ver es 77-0459. El final es 59, no 58 y no lleva esos unos que dijiste. Mira, si, exacto, termina en 59 y pues lo del número tiene como una semana, me cambié de compañía y ya no pude recuperar el chip anterior. Ajá, claro, es 77, 12, 04, 59. Si, asimero, ese es. No, sería todo de mi parte. Muchas gracias por la ayuda Marina. Que tengas bonita tarde. Adiós."
call_cea74e96e420,synthetic,1,train,"Hola, sí, mira, hice un pago de $2,600 pesos el 1 de septiembre y me aparece dos veces en mi estado de cuenta. Quisiera que me ayudaran a revisar eso. Adriana Cortés Lima. Claro, 4, 4, 7, 0, guión 8, 1, 9, 3. No es 3 al final, no 4. Sí, pague por la app el 1 de septiembre y cuando revise mi estado de cuenta, vi que ese pago salió dos veces igual por $2,600 pesos sobre mi cuenta NominA Plus. a corregir ese cobro duplicado porque no puede ser que me descuenten dos veces lo mismo. Claro, 4-4-7-0-guion-8-1-9-3. Gracias por la ayuda, quedo al pendiente del folio para seguimiento. Hasta luego."
call_cf313f91b995,human,0,val,"el rete y llamo para saber cuánto cuánto debo en este momento. Si, ese es el 90, 57, 38, 12. No, es 38, 1, 2. No, únicamente quiero saber cuánto debo en este momento y cuál es mi fecha límite para pagar. Es sobre mi cuenta NominAplus. Es 9, 0, 5, 7, 3, 8, 1, 2. Es correcto. Gracias."
call_d0442c9e97b7,synthetic,1,train,"Hola, oye, pues hablo porque estaba checando mi aplicación y me di cuenta de que tengo un cargo que yo no hice. O sea, de plano no reconozco ese movimiento y quiero ver si me pueden ayudar a revisarlo porque pues no se vale. La verdad, estoy un poco molesta con eso. Sí, claro, soy Mariana Solis Robledo y mi número de referencia es el 88831147. Pues mira, fue el 28 de agosto, estaba checando mis movimientos en la aplicación y de repente vi un cargo de $1850 pesos en una tienda que de verdad en mi vida he escuchado, o sea, no sé ni qué sea. Mi tarjeta con la que pasó eso termina en 5, 5, 1, 0. Ese día yo según yo ni compré nada, por eso se me hace super raro y pues sí me da bastante coraje. Bueno, bueno, sigue ahí. Ay, pues es de mi tarjeta la que termina en 5, 5, 1, 0. No sé bien cual de esas sea, pero es de esa tarjeta. y es el 8, 8, 2, 3, 1, 1, 4, 7. No, sería todo de mi parte. Muchas gracias por la ayuda. Hasta luego."
call_d13864e1e455,synthetic,1,train,"Hola que tal, oye pues es que pedí una tarjeta nueva hace como dos semanas y no me ha llegado nada quería ver que onda con eso, si claro Ernesto Villalobos Prieto y la referencia es 11986630 es 11986630 termina en 3-0 pues la pedí el 19 de agosto por la... no me dieron guía solo me llegó que ya venía en camino ay no sé según yo es la de David o la normal si porfa hay chécalo si exacto ese mero no sería todo de mi padre muchas gracias hasta luego"
call_d13e6463c6fb,human,0,train,"Buenas, buenas, buenas. Hola, me llamo Ernesto Villarob, lobo sprieto, pedí una tarjeta hace dos semanas y no me ha llegado, quería saber cómo va el proceso de eso. Sí, 11986630. No, incorrecto. 11986630. La pedí por la, el pasado 19 de agosto, 214 colonia del valle pero pues después de dos semanas aún sigue sin llegarme. Cuenta nómina plus. 1 9 8 6 6 3 0."
call_d147a02786d2,synthetic,1,train,"marina gracias te llamo porque cambie de número de celular y quiero actualizarlo para que me sigan llegando los mensajes del banco ya no tengo acceso al número anterior entonces necesito que me ayuden a poner el nuevo por favor claro mi nombre completo es lucía ferrer montaño el número de referencia de cliente es 7 7 1 2 guión 0 4 5 9 no es 7 7 1 2 ¿Quiere que se lo repita? Es 7712-0459. Fue con mi cuenta. No tuve ningún problema con la tarjeta. Solo necesito que el número nuevo quede actualizado para todo lo del banco. Por los mensajes y notificaciones. De nada Marina. Sí, correo gracias. Con eso está perfecto. Que tenga buen día. Hasta luego."
call_d17b2416d506,synthetic,1,train,"Hola buenas tardes. Oye lo que pasa es que pedí una tarjeta nueva hace como dos semanas y no me ha llegado. Quería ver qué pasó. Sí soy Ernesto Villalobos Prieto. Y mi número de referencia es el 11986630. No termina en cero. Es 11986630. Pues la pedí el 19 de agosto. No me dieron ninguna guía, solo me dijeron que llegaba en unos días y ya pasó un buen de tiempo. por teléfono. Es la de mi cuenta normal, la de débito. Sí, es 1-1-9-8-6-3-0. No sería todo. Muchas gracias por la ayuda que tengas buen día."
call_d38f7d5159e7,human,0,train,"¿Qué pasa? Bueno, una tarjeta hace dos semanas y no he llegado. Quiero saber qué pasó. Sí, 11986630. No, 11986630. La pedí el 19 de agosto. Sí, creíto verde. Sí, 11986630. Sí, este no le di la dirección de envío."
call_d3e854cbb77d,human,0,train,"¿Cuánto debo y cuándo debo de pagar? Sí, soy Lucía Peña. 9 0 5 7 3 8 1 2. 1 2 es el último dígito. Solo quiero saber cuánto debo y para cuándo tengo que pagar. Con la tarjeta sobre el crédito verde. 9 0 5 7 3 8 1 2. No."
call_d437831f4543,synthetic,1,train,"Sí, mire, tengo un pago pendiente, vence hoy 10 de septiembre. Son 4.200 pesos, pero no me va a alcanzar. ¿Puedo pagar el 20 y que no me cobre en recargos? Sí, mi nombre es Rodrigo Anaya Castellanos. El número de referencia es 33-06-92-81. No, es 81 al final. 33-06-92-81. Es con tarjeta. Es sobre mi crédito verde. Sí. Sí, claro. 33-06-92-81. No, con eso está bien. Muchas gracias. Buen día."
call_d4518fcb700a,synthetic,1,val,"Hola Marina, ¿qué tal? Oye, estoy marcando porque me empezaron a cobrar un seguro que no recuerdo haber contratado y la verdad quiero cancelarlo. El cargo es de 189 pesos al mes y lo noté desde hace como 3 meses. El primero fue en junio. ¿Me puedes ayudar a cancelarlo por favor? Sí, claro, mi número de referencia es 2284. 5506. Esto como lo dijo. Al final es 06, no 07. Va de nuevo, 2284. 5506. Sí, mira, lo que pasó es que hace como tres meses empecé a ver un cargo de 189 pesos que decía seguro en mi estado de cuenta. El primer cargo fue en junio y desde ahí me lo han estado cobrando cada mes. Pero yo la verdad no recuerdo haber contratado ningún seguro con ustedes ni me avisaron ni nada solo apareció el cobro así de repente. No he hecho ningún otro trámite ni nada relacionado, solo eso. Por eso quiero cancelarlo porque ni siquiera sé bien de qué es. Ah, sí, dime. 89 pesos. C. Exacto."
call_d557fa43925b,human,0,train,quiero saber el estado de un crédito personal que pedí Danielo Campo Rios 66412075 no 66412075 Se hizo el 25 de agosto y la solicitud es CR20418. Es el crédito verde. 66412075. Sí.
call_d5d00276dd35,human,0,train,"Tengo un problema con mi tarjeta, me llegó un cargo que no reconozco. Sí, claro, soy Mariana Solis Robledo y que más me pido? Sí. Es de 88.23, 11.47. Tengo un dicha de agosto por 1.850 pesos. Sí, lo vi en mi app, mi tarjeta verde. Es el 8.823, 1.147."
call_d60330be1b1f,human,0,val,"Hola, este quisiera cambiar mi teléfono. Sí, es Lucía Ferrer Muntaño. Sí, es el 7-7-1-2-0-4-5-9. No, el penúltimo número es 5. Ah, es que cambié el número, entonces esa ya no me sirve. Quiero cambiarlo el nuevo que tengo. El 7-7-1-2-0-4-5-9. A mi entendido que querías mi número de esperanza, pero no te vi mi número de teléfono nuevo. Claro. 5, 2, 1, 9, 0, 4, 4, 7, 7. Correcto."
call_d72a7cb67eb0,human,0,train,"Hola Marina, este, quiero cancelar un seguro que no recuerdo haber contratado. Mi nombre es Héctor Navarro Salcedo y ¿cuál fue la segunda pregunta que me hiciste? Tengo el dato de que el targo que se me hace de 189 pesos al mes, si ahí va, es 22, 84, 55, 06, el último dijito es 6, no 7. Entonces, no te hace 3 meses fue en junio el primer cargo que se me hizo, lo que recuerdo. no tengo ese dato. Sí, 2284-5506. Ya sería todo. Muchas gracias."
call_d80d9f6f7884,human,0,train,"Buenas días. Mariana Salislo Bledo. Mire, mi número de referencia de cliente es el 88231147. 88231147. Mire, me hicieron un cargo de 1.850 pesos el 28 de agosto y es una tienda que yo no reconozco. Sí, sí, así es. es. Mire, es una cuenta que termina con 55 10. Ok, es el 88 23 11 47."
call_d88d3c23953c,synthetic,1,val,"Hola buenas tardes. Oye pues quería saber cuánto debo en mi tarjeta y para cuando tengo que pagar por favor. Sí claro soy Javier Peñal Drete y mi número de referencia es el 9057 o 3812. Si se puede con eso. No termina en 12. O sea 9057 3812. Termina en 12. No la verdad no más quiero ver cuánto debo y para cuando tengo que pagar. O sea el saldo actual y la fecha límite. Pues es sobre mi tarjeta la que termina en 2246. no sé cuál de esas sea. Arre, ajá, me avisas. Sí dime, a ver va de nuevo, es el 90 y 57, 38, 12, ya quedó? Sí, ese mismo. Entonces, qué onda? Arre, no, sería todo de mi parte. Muchas gracias por la ayuda. Que tengas buena tarde. Bye."
call_d88d8e15e430,synthetic,1,train,"Oye, si mira, lo que pasa es que cambié de número de teléfono y quiero actualizarlo porque ya no tengo acceso a la anterior y no me están llegando los mensajes del banco ni nada. Te paso el nuevo para que lo pongas como mi contacto. Si, claro, los... Ya te los día cerrarito, pero te los repito sin problema. Mi nombre es Lucia Cerrer Montaño. Y mi número de referencia es 7 7 12 0 4 59. No, no, es 7, 7, 12. 0, 4, 5, 9. O sea, termina en 5, 9, no en 5, 8. Te lo repito otra vez si quieres. Sí, va despacito. 7, 7, 1, 2, 0, 4, 5, 9. Ya, lo que pasó fue que cambié de compañía y pues ya no me dejaron conservar el número viejo el que terminaba en 88, 34. Desde hace como una semana ya no tengo acceso y justo desde ahí dejé de recibir los mensajes, creo que desde el viernes pasado más o menos. 4. Sí, justo. 88, 30. Sí, exacto. Es mi cuenta nómina. Por eso, justo me urge por ahí me llegan los depósitos y todo. Perfecto. Gracias."
call_d89caa393417,synthetic,1,train,"Hola Marina, mira te llamo porque cambié de número de teléfono y quiero actualizarlo en mi cuenta del banco para seguir recibiendo los mensajes que me mandan, nada más que ya no uso el número antiguo. Claro, me llamo Lucia Ferrer Montaño. El número de referencia de cliente es 7 7 12, guión 0 459. Sí correcto, así es. El que te di. Sí, bueno, dejé de usar el número antiguo hace como dos semanas porque me cambié de compañía y me dieron otro. Entonces quiero actualizar el nuevo número para que desde ya me lleguen los mensajes al que uso ahora. El número viejo termina en 8834 y el nuevo es 552190477. Muchas gracias por tu ayuda Marina. Ya quedó todo claro para actualizar mi número. Que tengas buen día, adiós."
call_d9b9c625f406,synthetic,1,train,"Hola, hablo para ver el estado de mi solicitud de crédito personal. Quiero saber si ya la aprobaron. Si soy Daniela Ocampo Ríos, mi número de referencia es 66412075. No, es 75 al final, 66412075. La metí el 25 de agosto, fue por internet. Si ese día metí la solicitud, es un crédito personal de 35 mil pesos. Espero, sí, muy bien. ¿Qué cosa? Averba de nuevo. 6, 6, 4, 1, san, 2, 0, 7, 5. Sí, correcto."
call_db5326bcb672,human,0,train,"es que de hecho cambié mi número de teléfono y quería ver si me lo pudiera actualizar en la plataforma para que me pueda iniciar sesión y que me llegue notificaciones. Si mi nombre completo es Lucia Ferrer Montaño, 77, 12, 0459 es mi número de referencia. No, no, no, es 0459 hasta el final. No, lo actualicé la semana pasada. Ese cambié el número porque me robaron el teléfono, entonces ocupó registrar mi nuevo teléfono. Es de mis cuentas en general ambas para poder recibir información. Es... 77-12-04-59. Sí, le paso mi número nuevo o no, no lo necesita. es 55 21 90 44 77 ok no nada más igualmente"
call_dc1a55102190,human,0,val,"La tarjeta, ¿le hizo? No, no, no. No, mi nombre es Ernesto Villalobos Prieto. Una tarjeta hace dos semanas y no ha llegado. ¿Ten noventa y ocho, sesenta y seis, treinta? No, no, no, no. No, no, no, no, está bien, no, está bien. Once, noventa y ocho, sesenta y seis, treinta. La acción a que la solicité fue el 19 de agosto y no no me metieron 11.98.66.30. Todos los 10 días."
call_dcdbcc7d70e4,synthetic,1,train,"Hola Marina, sí gracias. Oye, tengo un pago pendiente que vence el 10 de septiembre, pero la neta no me vas a alcanzar ahorita. ¿Puedo pagarlo el 20 sin que me cobren recargos o intereses extra? Sí, claro. Mi nombre es Rodríguez Anaya Castellanos. El número de referencia es 33069281. Casi, pero el número es 33069281. 899 al final. Sí, claro. Es un pago de mi tarjeta de crédito. El monto es de 4200 pesos. Sí, justo. El pago vence el 10 de septiembre. Yo quería ver si puedo pagarlo el 20 porque ahorita no me alcanza. Es sobre la tarjeta de crédito, no es nómina ni crédito verde, es la de crédito normal. Sí, claro, es 3. Sí, ahí va. 3, 3, 0, 6, 9, 2, 8, 1. Sí, así está bien."
call_ddeabfdb99d4,human,0,train,"Bueno, unos días este metió una solicitud de crédito personal y quiero saber si ya lo aprobaron. Mi nombre es Daniela Ocampo Rios. Sí, es 66412705. Claro, es 66412075. no me llegó nada. Fue el 25 de agosto sobre mi crédito verde. 66412075. No nada más. Gracias."
call_ddf2da1910f1,human,0,train,"Hola, buen día, señorita. Estoy llamando porque pedí una tarjeta nueva hace dos semanas y todavía no la he recibido. ¿No he recibido? Claro. Ernesto Villalobos Prieto 11986630. Al final es 66630. La pedí desde el 19 de agosto pasado y no me ha recibido ninguna mensaje ni número. entonces les comentaba que pues si hace un tiempo y no la he recibido aún."
call_df3e278ab7fe,synthetic,1,train,"Hola Marina, gracias. Oye, rápido. Cambié de número de celular y quería actualizarlo porque ya no tengo acceso al anterior y necesito que ahí me sigan llegando los mensajes del banco, lo de los códigos y todo eso. Me ayudas. Hombre completo es Lucia Ferrer Montaño y mi número de cliente es 7712-0459. No es 0459. O sea, 77120459. El último parecio 599 al final. ¿Necesitas algún otro dato ahorita? Quinta nómina plus de ahí es donde necesito seguir recibiendo los mensajes y códigos. Perfecto, 717120459. Así completito."
call_df75973c8794,synthetic,1,train,"Hola Marina, buenas noches. Mire, estoy llamando porque desde hace tres meses me están haciendo un cargo de 189 pesos por un seguro que la verdad no recuerdo haber contratado. El primer cobro fue en junio y cada mes es lo mismo. Yo lo que quiero es cancelar ese seguro, por favor. Sí, claro. Mi nombre es Héctor Navarro Salcedo. El número de referencia de clientes 2284-5506. No es 2284-5506. 0, 6 al final. Claro, le platico. Todo empezó hace como tres meses. cuando estaba revisando mi estado de cuenta como normalmente lo hago cada mes. Ahí vi un cargo de 189 pesos y me llamó la atención porque no lo reconocí. Volví a revisar los estados anteriores y vi que desde junio se repite ese cargo siempre con la misma referencia de seguro. Nunca recibí ningún aviso, ni por correo, ni mensaje, ni llamada, ni nada para decirme que se iba a activar un seguro o que lo contraté. La verdad, si me hubieran hablado o mandado algún mensaje, lo recordaría porque suelo ser muy cuidadoso con ese tipo de cosas. Así que por eso fue tan raro y por eso estoy hablando ahora. y honestamente nunca autorice ese seguro. No, no hice ningún trámite fuera de lo común en junio. Lo único que hice fue mis compras habituales. El super, algunos pagos de servicios y ya. No solicité nada ni renové tarjeta ni pedí algún crédito ni nada raro. Por eso me sorprendió cuando vi ese cobro, porque de verdad no hice nada distinto ese mes. No, con eso sería todo. Muchas gracias. Buenas noches."
call_e0a8703be347,synthetic,1,train,"Hola, buenas tardes Marina. Habla Mariana Solis Robledo. Mire, le llamo porque estaba revisando mis movimientos y me di cuenta de que tengo un cargo en mi tarjeta que yo no hice y la verdad me preocupa bastante porque yo cuido mucho mis cuentas y pues quiero ver si me pueden ayudar a revisar qué pasó con eso. Sí, claro, mi número de referencia es el 88, 23, 11 47. Y mire, el cargo fue el 28 de agosto. Mire, el número de referencia es 88231147. Y sobre el cargo es por 1850 pesos del 28 de agosto. Aparece en una tienda que de verdad no tengo ni idea de cuál sea, nunca he comprado ahí. Mi tarjeta con la que pasó esto termina en 5510. Es la tarjeta que termina en 5510. La verdad no sé bien bajo qué nombre la tengan registrada ustedes ahí en su sistema, pero es esa tarjeta. No, muchas gracias. Eso sería todo de mi parte. Que tenga una excelente tarde."
call_e0c1f661d9ca,human,0,train,"Hola, buenas tardes. Fíjate que tengo una fecha de límite para pagar y no puedo pagar. Va a vencer pronto y quiero ver que si puedo pagar días después sin que me cobre en algún interés o algo. Mira, yo tengo, bueno soy Rocío, Anaya Castellanos y mi número de de referencias 33, 06, Guion, 92, 81. No, es 81. Si, mira, yo tengo un pago pendiente de 4.200 que vence el 10 de septiembre y voy a pagar hasta el 20 de septiembre, pero quiero ver si me pueden dar esa voz prórroga para poder pagar y que no me cobre ni ingreses sobre mi crédito verde. Así es. Que correcto."
call_e106a61086bb,synthetic,1,train,"Hola Marina, hablo porque cambié mi número de teléfono y quiero actualizarlo para que me sigan llegando los mensajes del banco. Mi nombre es Lucía Ferrer Montaño. Claro, mi número de referencia es el 7712-0459. No, termina en 59. El número es 7712-0459. Lo cambiaste unos días y ya no tengo acceso al número anterior, el que terminaba en 88, 34. Sí, así es, esa era. Esta es mi cuenta general para que me sigan llegando todos los mensajes del banco ahí. Sí, sí, es el 77, 12, 04, 59. Sí, es correcto."
call_e118b75d4937,human,0,train,"Hola, buenos días. Cambié mi número y quiero actualizarlo. Lucía Ferrer Montaño. 77-12-0459. No, 77-12-04-59. Sí, no, ya no tengo acceso a la anterior y quiero renovarlo, actualizarlo sobre mi crédito verde. 7712-04-59. Sí, pero quiero cambiarme número de celular."
call_e2200941723b,synthetic,1,train,"Buenas tardes señorita Marina. Mire, le hablo porque tengo una situación que me tiene algo confundido. Resulta que hace ya unas dos semanas, el 19 de agosto para ser exactos, solicité una tarjeta nueva con ustedes y pues todavía no me ha llegado a mi casa. Quería ver si ¿Me podría ayudar a revisar qué fue lo que pasó? Sí, claro que sí. Mi nombre completo es Ernesto Villalobos Prieto. Y mi número de referencia de cliente es el 1-198-6630. 6, no, señorita. Es 1-198-6630. El último dígito es 0. ¿Sigue ahí?"
call_e2d538297f0c,human,0,val,"Sí, buenas tardes. Marina, fíjate que te estoy llamando porque realicí un pago y ese pago aparece dos veces en mi estado de cuentas. Me hicieron un cargo duplicado. Sí, sí claro, es es Adriana Cortés Lima. Sí, es 4470 Guión 8193. No, es incorrecto. Es 444470 Guión 8193. Disculpas, creo que pusiste un cuatro de más en el número de referencia. El concepto, Hijo, bien el nombre de la tienda, pero el pago lo realicé el primero de septiembre y fue por $2,600 pesos con mi tarjeta. Si, 4-4-70-8193. Así, me gustaría saber en qué fecha me comunicó con ustedes en caso de no recibir yo algún comunicado. No creo que sería todo el momento. Gracias."
call_e3064936e37a,synthetic,1,train,"Hola Marina, buenas tardes. Mire, le llamo porque fíjese que solicité una tarjeta nueva ya hace como dos semanas. El 19 de agosto para ser exactos. Y es hora de que no me haya llegado nada a mi casa. Ya me estoy empezando a preocupar y quería ver si me puede ayudar a revisar qué pasó con ese envío. Sí, claro que sí con gusto. Es el 11, 98. 66, 30. ¿Sí? No, disculpe, se equivocó en un número. Es 11, 8, 98. 66, po, 30. O sea, 1, 1, 9, 8, 6, 6, 3, 0. Y mi nombre es Ernesto Villalobos Prieto. Sí, me escucha bien. Sí. Ah, mire, pues es la tarjeta de débito. Sí, debe ser esa de NominA Plus, que me comenta porque es la que uso para mis gastos diarios. Y ya ve que sin el plástico luego no puedo hacer compras en algunos lados o dar de alta las aplicaciones. Sí, es esa. Sí, así es. Ah, dígame. Sí."
call_e3084824935d,synthetic,1,train,"Sí, claro, pues nada más quiero cambiar el número que tienen registrado para que me sigan llegando los mensajes. Me llamo Lucía Ferrer Montaño. El número de referencia es 7, 7, 12, 0, 4, 59. Sí, exacto. Claro, el número que tienen registrado termina en 88, 34, pero ya no tengo acceso a ese. El nuevo es 55, 21, 90, 44, 77. Sí, así es. Es sobre la cuenta nómina plus. Si entonces es 87, 14, 83, 00, 02. Gracias por la ayuda que tenga buen día."
call_e31bf946a8fa,human,0,train,"¿Cuál es el número? Hola, cambié el número y quiero actualizarlo para que me sigan llegando los mensajes del banco. Si mi nombre es Luis Ferrer Montaño y el número nuevo que quiero registrar es el cincuenta y cinco, veintiuno, noventa, cuarenta y cuatro, setenta y siete. Si siete, siete, uno, dos, cero, cuatro, cinco, nueve. No, es siete, de la serie. Ya no tengo acceso al al teléfono pasado y lo hice hace alrededor de unos días, dos, tres días. Va perfecto que prosigue. Eso solo es de mi cambio de teléfono. Sí, siete, siete, uno, dos, cero, cuatro, cinco, nueve. No, así está bien. Gracias."
call_e329faf2b6a1,synthetic,1,val,"Hola, buenas tardes. Habla Lucia Ferrer. Mire, lo que pasa es que cambié de número de teléfono y quiero actualizarlo para que me sigan llegando los mensajes del banco. Sí, claro, mi número de referencia es 77, 12, 04, 59. No, es 59 al final. O sea, 77, 12, 04 es 59. Ya llevo unos días con el nuevo número. Pues para toda la realidad me gustaría que se actualice para que me sigan llegando todos los mensajes y alertas del banco. Sí, claro que sí, va despacio. Es 77, 12, 04, 59. Sí, es correcto. No sé todo de mi parte. Muchas gracias por su ayuda. Que tenga buena tarde."
call_e3f555297277,synthetic,1,val,"Hola, buenas tardes. Llamo porque metí una solicitud de crédito personal y quiero saber si ya la aprobaron. Gracias. Sí, claro. Daniela Ocampo Ríos. El número de referencia es 6641-2075. Sí lo hice en su cursal. Metí la solicitud del 25 de agosto para un crédito personal por 35,000 pesos. Es sobre la nómina plus. Ajá. Sí, claro. Es 6641-2075. No, con eso está bien. Gracias. luego que tenga buen día."
call_e4d9c2e0947a,human,0,train,"Buen día, la resta. Hola, mi pago vence pronto y no me va a alcanzar pues pagarlo, entonces quería ver si me podían dar unos días más para que no me cobre más. Sí, mi nombre es Rodrigo Anaya Castellanos y mi número de clientes 33069281. No, es incorrecto, es 33069281. en el momento pendiente de cuatro mil doscientos pesos que vence este día de septiembre pero pues no lo voy a poder pagar. En sí lo que quisiera pagar sería pues hasta el 20 de septiembre. No, así está bien. Gracias."
call_e58669998b76,human,0,val,"Quiero ver el estado de una solicitud de crédito. Sí, soy Daniela Ocampo y la metí el 25 de agosto. 66412075. Sí, sí, justo metí una solicitud y quiero saber si ya la probaron. El montaje fue de 35,000 sobre el crédito verde. 66412075. Correcto."
call_e618b7b1fa5b,human,0,train,"Hola Marina, soy Rodrigo Anaya, quiero hacer un pago pendiente. Si 33 06 92 81. No, 06 9 2 8 1. Es de mi tarjeta de crédito, este vende el 10 de septiembre, entonces quiero pagarlo hasta el 20, a ver si se podía. Sí, correcto. Ok. 3-3-0-6-9-2-8-1. No, sería todo. Gracias."
call_e697765a4dfd,synthetic,1,train,"Hola, hablo porque hoy vence mi pago y no me van a alcanzar. Quiero saber si puedo pagar unos días después sin que me cobre en demás. Sí, mi nombre es Rodrigo Anaya Castellanos y mi referencia de cliente es 33069281. No, mi apellido es Anaya Castellanos y la referencia es 33069281. Termina en 8.1. Mi pago vence hoy por 4200 pesos y es la primera vez que pido esto. Quiero pagar el 20 de septiembre. Revisalo con mi número de referencia por favor. Es el pago de 4200 pesos. Si. Estres 3069281. Si, es correcto."
call_e69e8ba551e4,human,0,train,"Buenos días. Me cobraron dos veces, hice un pago y apareció dos veces en mi estado de cuenta. Mi nombre es Adriana Cortés Lima y mi número de referencia de cliente es 44708193. No, 44708193. Hice un pago el 1 de septiembre de los $1,600 pesos y aparece duplicado en mi estado de cuenta con mi tarjeta sobre mi cuenta nomina plus 447 08193 no gracias"
call_e6c59d28e6d7,synthetic,1,train,"Hola, buenas tardes. Estoy llamando porque metí una solicitud de crédito personal y quisiera saber si ya la aprobaron, por favor. Sí, sí se lo dictó. Es 6641-2075. Sí, claro, le... Fue antes, la metí el 25 de agosto. Es sobre el crédito personal, el monto que solicité fue de 35 mil pesos. Sí, claro, el 66412075."
call_e9bd33cdb226,human,0,val,"Hola, pedí una tarjeta nueva hace dos semanas y me ha llegado. Yo sé el que pasa. Sí. Mi nombre es María Villalobos Tieto y el número de referencia de cliente es 1198-6630. No. Sí, es 1198-6630. La pedí por internet el 19 de agosto. Sí. No recibí nada. Sobre el crédito, verdad. Sí, es 11986630. Nada más, muchas gracias."
call_eb1c9a5a2c08,human,0,train,"Quiero cancelar un seguro. Sí, soy Hilda Navarro. Sí, es 2845006. Pues me están cobrando un seguro que no recuerdo haber contratado y quiero cancelarlo. Lo noté hace tres meses. El primer cargo fue en junio. Sobre la plus. 22845506. No."
call_ec545493459e,synthetic,1,train,"Hola buenas tardes, hablo porque hoy vence mi pago y no me van a alcanzar. Quería saber si puedo pagar unos días después sin que me cobre en demás. Si mi nombre es Rodrigo Anaya Castellanos y mi número de referencia es el 33069281. No es 33069281, al final es 8191. Quiero pagar el 20 de septiembre, el pago es de 4200 pesos. Si ese día ya tengo el dinero completo, es sobre el pago de 4200 que vence hoy, no estoy seguro de cual de los dos sea. ¿De acuerdo? Sí, es correcto. No, sería todo. Muchas gracias por la ayuda. Hasta luego."
call_ec58505fc522,human,0,train,"que lo que sucede es que me están cobrando un seguro que no he contratado y pues la verdad quiero cancelarlo. Mi nombre se pronuncia AID. Vintidós ochenta y cuatro cincuenta y cinco cero seis. No. Vintidós ochenta y cuatro cincuenta y cinco cero seis. No dice seguro y es por ciento ochenta y nueve pesos y tiene de junio. Suba el crédito verde. Claro, 2284-5506. No, gracias."
call_ed020e30c242,synthetic,1,train,"Buenas tardes Marina, llamo para consultar el estado de una solicitud que cree un personal que ingrese hace algunos días. Me gustaría saber si ya fue aprobado. Puesto, mi nombre es Daniela Ocampo-Rios y mi número de referencia de cliente es 6641, El guión dos años y dos. ¿Sigue ahí?"
call_ed041799aed9,human,0,train,"es que tengo un cargo en una tarjeta que no hiciste y quieres. Mi nombre es Mariana Mario Solis Robledo. 888-231147. No, es 1147. Es un cargo de 1.800. Es un cargo de 1.000. A ver, es un cargo de 1.850 pesos. Fue el 28 de agosto en una tienda que pues que no conozco es la terminación de la tarjeta es 5, 5, 10. Es la nómina plus 8, 8, 23, 11, 47. Muchas gracias."
call_ed99e3ea3f0e,synthetic,1,train,"Hola, ¿qué tal? Oye, hablo porque metí una solicitud de crédito personal hace como dos semanas y quería saber si ya la aprobaron o en qué va. ¿Te doy mi nombre o necesitas algún dato? Sí, claro. Ya te lo di, pero te lo repito. Daniela Ocampo Ríos, 41, 20, 75. Ajá, no es 6, 6, 41, 20, 75. El último es 75, no 76. La metí el 25 de agosto, fue por la app y si tengo el folio, te lo digo. Si te lo doy, es CR-2418. Puedito personal, el monto que pedí fue 35 mil pesos."
call_ee227bc9d7ac,human,0,train,"el marina buenas tardes quiero saber cuánto debo y para cuando hay que pagarlo javier peña al drete 9 0 5 7 3 8 1 2 no 9 0 9 0 5 7 3 8 1 2 no 9 0 5 7 3 8 1 2 no No, 9 0 5 7 3 8 1 2. Quiero saber cuánto debo y cuándo hay que pagarlo. Con la tarjeta sobre crédito plus. 9 0 5 7 3 8 1 2. Nada más."
call_eed2c7389776,synthetic,1,val,"Hola Marina, buenas tardes. Oye pues hablo porque hace como dos semanas pedí una tarjeta nueva y todavía no me llega. Quería ver qué onda con eso. Si me puedes ayudar a revisar qué pasó. Sí claro, soy Ernesto Villalobos Prieto y el número de referencia es el 11.98. 66.30. Sí, exacto. Es 11.98. 6.6.30. No, de hecho termina en 0. O sea, 11.98. 6.6.3.0. pues la verdad no me llegó ninguna guía ni nada de mensaje la pedí el 19 de agosto y me dijeron que me llegaba en unos días a mi casa pero pues no ha llegado nada de nada la verdad por teléfono sí llamé ese día para pedirla es de mi cuenta normal la de débito no sé cuál de esas sea sale gracias me avisas si aquí espero no sería todo de mi parte muchas gracias por la ayuda marina que tengas buena tarde"
call_f003741555a1,human,0,train,"Hola, no me desmarco porque tengo un cargo reconocido. Si, mi nombre es Mario Solis Robledo y mi número es 888-2147. No, no, no, es 4GT al final. Sí, me llegó un cargo el 28 de agosto de por 1850 pesos, pero pues yo no reconozco esa tienda, dice que es de Smiley, es de mi tarjeta de crédito. Sí, es correcto. No, sí está perfecto, mucho gracias."
call_f0ad1cf1aa6a,synthetic,1,train,"Hola Marina, oye meti una solicitud de crédito personal el 25 de agosto y quiero saber si ya la aprobaron. Tengo el folio si lo necesitas. Si claro, Daniela Ocampo. Mi número de referencia es 6. Si dime, que dato necesitas. Si claro. Ah ok va, es 6, 6, 4, 1, 2, 0, 7, 5. No, el último es 5 no 6. Es 6, 6, 4, 1, 2, 0, 7, 5. Si la hice en su cursal. Pedí 35 mil pesos. Fui directo porque no me dejaba la AP entonces mejor ahí mismo. Sobre mi cuenta no mina plus, solo tengo esa ni sabía que tenía crédito verde, la verdad. Sí, claro, es 66412075. Sí, correcto."
call_f1372119b403,synthetic,1,train,"Bueno, buenas tardes marinas. Mire, estoy ganando porque cambia de mi prego celular y necesito Esto actualizable para que me sigan llegando los mensajes del banco. ¿Me puede ayudar con esto por favor? Sí, claro, mi nombre es Lucia Serrano-Santa. Pimicoro de la policiencia. Y esto uno por ti. Claro se lo dictó de nuevo. 7, 7, 1, 2, guión, 0, 4, 5, 9, ese es mi número de referencia. Bueno, bueno. y los tambienes se comunican en las semanas para que ya no pierdan las informaciones del banco Espiría los mensajes y los avisos importantes Aja, Rector 771-1-0459, que es por la atención"
call_f1b82a4a46f6,human,0,val,"Sí, soy Lucía Montaño y quiero cambiar mi número y quiero actualizarlo para que me sigan llegando las notificaciones del banco. 7, 7, 1, 2, 0, 4, 5, 9. 5, 9. No, ya no lo tengo disponible y justo quiero actualizarlo para que me siga llegando las notificaciones para validar operaciones también. de la plus. Es correcto. No."
call_f202d4ff9f96,human,0,train,"¿Qué es la sugerencia? Hola Marina, metí una solicitud de crédito personal y quisiera saber si llamé la aprobaron. Daniela Ocampo. Si es 66, 41, 20, 75. No, 66, 41, 20, 75. Ingrese la solicitud del 25 de agosto por un monto solicitado de 35 mil pesos. dieron un folio que es el CR20418. ¿Como está sin obra? Sí. Nada más. ¿Qué le pido? ¿Qué le pido? Nomina plus. 6, 4, 1, 2, 0, 7, 5. No, gracias."
call_f23bfe7d0e9e,synthetic,1,train,"Hola Marina, ¿qué tal? Oye, te llamo porque tengo un pago pendiente que vence hoy, pero la neta no me vas a alcanzar. Quería saber si puedo pagarlo hasta el 20 de septiembre y si no me van a cobrar recargos ni nada raro por esos días. ¿Me ayudas con eso? Sí, claro. Mi nombre es Rodrigo Anaya Castellano, si el número de referencia es 3-3-06-Guion-9281. Bueno, solo que mi número de referencia si termina en 1, no en 0. estrés, tres, cero, seis, guión, nueve, dos, ocho, uno. Sí, es de un... Pues básicamente eso. Hoy me toca pagar 4.200 pesos del crédito, pero se me juntaron otras cosas y no me va a alcanzar hasta el 20 de septiembre. Por eso estoy viendo si puedo hacer el pago ese día y si no me van a cobrar recargos o intereses por esos 10 días de atraso. Sólo quiero saber si hay chance o qué opciones tengo. Es sobre el crédito verde. El pago de los 4.200 pesos es de ese crédito. Sí, claro, estrés, tres, cero, seis, guión, nueve, dos, dos, ocho, uno. Si, así está bien, es correcto. ¡Va gracias!"
call_f27db4ab1f5a,synthetic,1,train,"Hola, buenas tardes. Mire, hablo porque quiero saber cuánto debo y para cuando tengo que hacer el pago. Sí, gracias. Sí, claro. Mi número de referencia es 9. 0, 5, 7, 3, 8, 1, 2. No, no es correcto. El número es 9, 0, 5, 7, 3, 8, 1, 2. Y de lo que me pregunta no he recibido mensajes, pero mi último pago fue de $1500 el 12 de agosto. Sí, de nada."
call_f2ab1c408b36,synthetic,1,train,"Hola, ¿qué tal? Buen día Marina. Mire, le llamo porque he visto desde hace tres meses un cargo en mi cuenta por un seguro que, honestamente, no recuerdo haber contratado. El cargo es de 189 pesos y el primer movimiento me apareció en junio. Quiero saber qué es ese seguro y cancelarlo, por favor. Claro, mi nombre completo es Héctor Navarro Salcedo. El número de referencia es 2284. Mmm, 55, 06. No, no es correcto. Es 2284, 55, 06. Se lo repito. Ajá, sí claro, la verdad es que no lo recuerdo. No se preocupe, adelante. Ajá, sí aquí estoy. Muchas gracias, buen día."
call_f331303c4fb8,human,0,train,"No más quiero saber cuánto debo y para cuánto tengo que pagar. Javier Apeña al brete. 9 0 5 7 3 8 1 2. No. 9 0 5 7 3 8 1 2. Sí. ¿Cuánto debo y cuánto y cuánto tengo que pagar? Creito verde. 9 0 5 7 3 8 1 2. Nada más, gracias."
call_f5251fb3b1d9,synthetic,1,train,"Hola, quiero saber cuánto debo y para cuándo tengo que pagar. Si, mi nombre es Javier Peñaldrete y la referencia es 9-05-7-38-12. No es 9-05-7-38-12. Es de mi tarjeta la que termina en 2-2-4-6. ¿Cuánto debo y cuándo tengo que pagar? Es la tarjeta de crédito. ¿La que termina en 2-2-4-6? Si, así es. No sería todo. Muchas gracias."
call_f68d3459fdc7,synthetic,1,train,"Hola, llamo para saber cuánto debo y para cuándo tengo que pagar. Si, mi nombre es Javier Peña Aldrete. Espero su siguiente pregunta. ¿Me puede pedir el número de referencia cuando... Si, el número es 9 0 5 7... ¿Me puede pedir la terminación de mi tarjeta? La terminación es 2 2 4 6. Me dice cuánto debo y... Ya le di el número. Es 9 0 5 7 guión 3 8 1 2. espero la información. Si, correcto, es 9 0 5 7 guión 3 8 1 2 No más quiero saber cuánto debo para cuando tengo que pagar. No necesito otro dato ni aclaración, sólo eso por favor. Es sobre mi crédito verde. Estoy a la espera del mensaje con el saldo y la fecha de pago. Si, estoy aquí, espero el mensaje para saber cuánto debo y la fecha límite para pagar."
call_f6ce5de7ac09,synthetic,1,val,"Hola Marina, ¿cómo estás? Mira, te cuento rápido. Hace dos semanas, pedí una tarjeta nueva. Según eso, ya me la iban a mandar, pero hasta ahorita no ha llegado nada. Quería ver si me puedes ayudar a revisar qué onda porque pues si la necesito. Sí, claro, mi nombre es Ernesto Villalobos Prieto. Cuando gustes, me pides el número. Lo tengo aquí a la mano. Sí, ahí va. 11, 98, 66, 30. No te lo... No, ahí si no, no hay problema. Dí. Es sobre la cuenta nómina plus, la tarjeta que pedí es la de esa cuenta. Sí. Sí, claro, es 11.98. 66. 30. Casi, pero no, es 11.98, 66, 30. No lleva un 0 extra al final. Sí, así está bien."
call_f9fbabf70f7e,synthetic,1,val,"Buenas tardes Marina disculpe le llamo porque tengo una duda con mi estado de cuenta hice un pago de 2.600 pesos el primero de septiembre pero me aparece dos veces el cargo me puede ayudar por favor sí claro mi nombre es Adriana Cortés Lima el número de cliente es 44 70 81 93 no perdón es 44 70 81 93 no 92 Sí, claro. Yo hice un solo pago por 2.600 pesos el día primero de septiembre, pero al revisar mi estado de cuenta, vi el mismo pago dos veces ese mismo día. Por eso llamo porque no reconozco el segundo cobro. ¡Ja! No, con eso está bien. Muchas gracias. Buenas tardes."
call_fa26d1186721,human,0,val,"Hola, es que metí una solicitud de un crédito personal y no sé si me lo aprobaron. Sí, Daniela Ocampo Ríos y mi número es 66412075. Metí la solicitud del 25 de agosto y me dieron el folio CERE21418 por mensaje sobre un nuevo crédito personal. 66412075. No, gracias. de 1975. No, gracias."
call_fa4d7f2897f4,human,0,train,"Hola Marina, fíjate que hace ratito hace como unas dos semanas metí una solicitud de un crédito y ya la verdad que yo sabía si me lo habían aprobado. Si es Daniel Ocampo Rios. Y que más me ha expedido, perdón. Así es, si. Es 66, 41. 27, 5. No, los últimos 4 sería 20.75. No, 20.75. Es 6.6, 4.1, 20.75. Sí, correcto. Fue una sucursal y fue un crédito personal. Creo que había pedido un préstamo por 35.000, entonces no más quería confirmar si ya estaba aprobado, ¿verdad? Si, sería esa cantidad. Recuenta nómina plus 4 1 2 0 7 5. Si, correcto. Si, si, si."
call_fa9e18dd83dd,synthetic,1,val,"Buenas tardes Marina. Mire estoy un poco confundida porque hace ya unos días metí una solicitud de crédito personal aquí con ustedes fue el 25 de agosto y quería saber si ya tienen una respuesta por favor. El monto que pedí fue de 35 mil pesos. ¿Me podría apoyar con eso? Sí claro tengo el número de referencia de cliente es 6 6 41 20 75. Se lo repito. Gracias Marina. Si necesita otro dato dígame. Sí, correcto, fuera el 25 de agosto y el monto son 35 mil pesos. Incluso tengo el folio por si lo requiere, es CR guión 20418. Sí, claro, con gusto se lo repito. E6641 2075. Así está bien."
call_fb1405943fed,human,0,val,"Quiero saber cuánto debo y cuánto tengo que pagar de mi tarjeta. No me llamo Diego. 90573812. No, está mal. 90573812. Quiero saber cuál es el monto total que debo. Mi último pavo que hice fue por $1,500 pesos el 12 de agosto del banco. 90573812. Sí. No, pues no, está bien. Bye."
call_fc8bda4b3374,synthetic,1,val,"Oye, es que me están cobrando un seguro que yo ni me acuerdo de haber contratado y la verdad lo quiero cancelar ya Sí, claro, Héctor Navarro Salcedo. A ver, es 2... 2, 8, 4... 5, 0, 6... A ver, va todo completo. 2, 2, 8, 4... 5, 5, 0, 6... No, es terminado en 0, 6. O sea, 2, 2, 8, 4, 5, 5, 0, 6... pues son 189 pesos al mes, lo noté hace como tres meses, el primer cobro me llegó en junio, la verdad no me acuerdo que día de junio solo que fue en ese mes y es en mi cuenta, de ahí me lo están descontando, no sé si es nómina o qué, sí, exacto, ese es."
call_fce92bad5095,human,0,train,"Hola, muy buenas tardes. Mi nombre es Anielo Campo Ríos. Sí, muchas gracias. Quiero saber el estado de una solicitud de crédito. Claro, es 66412075. No, es incorrecto. Es incorrecto. 6, 6, 4, 1, 2, 0, 7, 5. La hice el 25 de agosto y solicité 35,000 pesos. Correcto. Una solicitud en línea y me dieron un número de folio sobre mi nómina plus. ¿Por qué tengo que repetir, señorita? 6, 6, 4, 1, 2, 0, 7, 5. Si quiero saber cinco días hábiles a partir de que la metí, que fue el 25 de agosto y que ya pasaron o a partir de ahora."
call_fdc3a7dac09f,synthetic,1,train,"Buenos días. Quiero saber el estado de mi solicitud de crédito personal. Por favor, Daniela Ocampo Rios. Mi número de referencia de cliente es 641-guion2075. Además, el folio de la solicitud es CER-guion20418. CER-guion20418. La solicité el 25 de agosto. La hice por la aplicación. y no he recibido ningún mensaje ni notificación todavía 641-27075 si estoy aquí"
call_fdc44f969ade,synthetic,1,train,"marina qué tal? Oye hablo porque ando un poco molesta la verdad, el primero de septiembre hice un pago de 2.600 pesos y haz de cuenta que me meto a ver mi estado de cuenta y me aparece duplicado, o sea me lo cobraron dos veces y pues no se vale, ocupo que me ayuden con eso. Ah, ya ver, esperame es que me da un buen de flojera buscar estas cosas, a ver ya lo tengo, es el 44.70, 81.93, no es 93 al final no 92, o sea 44.70, 81.92, 93. Pues mira, haz de cuenta que el 1 de septiembre tenía que hacer un pago de 2.600 pesos y todo normal, ¿no? O sea según yo se hizo la transacción una sola vez y da. Pero luego, hace unos días me metí a la aplicación a revisar mis movimientos porque quería ver qué onda con mis gastos y de la nada veo que me aparece el mismo cobro de 2.600 pesos dos veces, el mismo día y a la misma hora. Y pues obvio me saqué de onda porque no es como que me sobre el dinero, ¿sabes? Y pues por eso hablo para que me lo quiten. Fue con mi tarjeta de débito, o sea, directo ahí en la terminal, pero pues, dejalo de mi cuenta. Pues, es de mi cuenta de débito, la normal donde me depositan, supongo que es esa denomina plus que dices. Sí. Hay otra vez. Bueno, es 44.70. 81.93. Sí, de nada."
call_fe828697f60d,synthetic,1,train,"Hola, sí, gracias. Mire, le llamo porque cambié de número de celular y quiero actualizarlo para que me sigan llegando los mensajes del banco. Mi nombre es Lucía Ferrer Montaño. Sí, claro, lo tengo a la mano. Es 77120459. No, es 77120459. El último es un 5, no un 6. Claro, mire, cambié de número hace como dos semanas, más o menos. Ya no tengo acceso al número anterior, el que terminaba en 8-8-3-4. Por eso quiero que el banco me mande todo al nuevo, porque ya no veo nada de lo que llegaba al anterior. Sólo tenía el que terminaba en 8-8-3-4. No tengo otro registrado con ustedes, era el único. Es por mi cuenta nómina plus. Por ahí es por donde me llegan los avisos y los mensajes. Ajá. Sí, dígame. Sí, correcto. 7-7-1-2-0-4-5-9. Perfecto, muchas gracias."
call_fe8e4fc3ef69,synthetic,1,train,"Hola Marina, oye vi un parco raro en mi tarjeta que no reconozco, lo puedes checar por favor. Bueno, si me escuchas. Mariana Solis Robledo Sí, es 88, 23 11, 47 Lo vi esta semana, creo que el lunes El monto fue 1.850 pesos Sí, justo Sí, 1.850 pesos ¿Quieres que te diga en qué tienda fue o algo así? Porque la verdad no reconozco ese cargo y nunca he ido ahí Fue en la de crédito, la que termina en 55, 10 Bueno, bueno, sigue ahí. Si, 88, 23, 11, 47. Bueno."
call_feaca5a8cd14,synthetic,1,train,"Hola, buenas tardes. Mire, yo me llamo Mariana Solis Robledo y estoy marcando porque vi un cargo en mi tarjeta que no reconozco. Fue por 1.850 pesos el día 28 de agosto en una tienda que la verdad no ubico. Mi tarjeta termina en 5510. ¿Me puede ayudar a revisarlo, por favor? Sí, claro, déme un momentito, por favor. Aquí lo tengo. Es 8, 8, 2, 3, guión 1, 1, 4, 7. ¿Está bien así? Creo que mi número es 8 8 2 3 guión 1 1 4 7. No termina en 5 7, termina en 4 7. Quiere que se lo repita despacito. Sí, por supuesto, muchas gracias por su paciencia. Mire, es 8 8 2 3 guión 1 1 4 7. Así completito, ¿me avisas si falta algún dígito? Claro, mire, yo reviso mi estado de cuenta cada semana porque ya ve que una vez se le va algún gasto, pero este cargo sí me brincó. Fue el 28 de agosto por 1.850 pesos. Yo ese día no salí y tampoco hice compras en línea ni nada parecido. Revisé bien el nombre de la tienda y no la reconozco, ni yo ni nadie de mi familia. Por eso me preocupé porque la tarjeta siempre la tengo conmigo. No sé si fue algún error o si alguien la usó sin que me diera cuenta. Por eso quería que por favor lo revisen porque sí me sacó de onda. Ah, si la tarjeta donde vi el cargo termina en 5-5-1-0 y es la que uso para la nómina, la nómina plus. Yo casi no uso la de crédito, esa está guardada desde hace mucho. El cargo fue en la de la nómina. Sí, como no, se lo repito despacito. Es 8 8 2 3 guión 1 1 4 7. Así está bien. No, muchas gracias. Con eso está bien. Que tenga muy bonita tarde. Hasta luego."
call_ff4042587962,synthetic,1,train,"Hola, ¿qué tal? Oye, metí una solicitud de crédito personal y quería saber si ya salió. Mi nombre completo es Danielo Campurrio. El número de referencia es 664120075. Perdón, es 664120075. No terminan 6, terminan 5. Ajá, dime. Sale. La metí... Antes ya tiene rato. Sí, de nada. Ajá."
call_fff8cae57de7,human,0,train,"Hola Marín, ¿qué tal? Buenas tardes. Este es el siguiente que está viendo. Mi estado de cuenta nos viene a plush y veo que me están haciendo un cobro que no el reconozco. Ni había contratado. Y la verdad es que si me gustaría pues cancelarlo. Por favor salseo y mi número de referencia de clientes 2284-5506. es que yo llevaba rato la verdad sin checar mi estado de cuenta pero creo que empezó en junio el primer cargo entonces ya estos últimos tres meses me han estado cobrando el seguro de 189 pesos no es nomina plus y si ya en mayo no hubiese cargo entonces no sé qué paso que he cambiado en junio que este ya me lo están cobrando y no me había fijado. Dijo que son el banco pero me es 2284-5506."
